spot,ground_truth
AAACAACGAATAGTTC-1,Layer1
AAACAAGTATCTCCCA-1,Layer3
AAACAATCTACTAGCA-1,Layer1
AAACACCAATAACTGC-1,WM
AAACAGCTTTCAGAAG-1,Layer6
AAACAGGGTCTATATT-1,Layer6
AAACAGTGTTCCTGGG-1,WM
AAACATTTCCCGGATT-1,Layer5
AAACCACTACACAGAT-1,Layer3
AAACCCGAACGAAATC-1,Layer3
AAACCGGGTAGGTACC-1,Layer5
AAACCGTTCGTCCAGG-1,Layer6
AAACCTAAGCAGCCGG-1,Layer6
AAACCTCATGAAGTTG-1,Layer5
AAACGAAGAACATACC-1,Layer1
AAACGACAGTCTTGCC-1,Layer3
AAACGAGACGGTTGAT-1,Layer3
AAACGCCCGAGATCGG-1,Layer2
AAACGGGCGTACGGGT-1,Layer5
AAACGGGTTGGTATCC-1,Layer1
AAACGGTTGCGAACTG-1,WM
AAACGTGTTCGCCCTA-1,Layer1
AAACTAACGTGGCGAC-1,Layer1
AAACTCGGTTCGCAAT-1,Layer6
AAACTCGTGATATAAG-1,Layer1
AAACTGCTGGCTCCAA-1,Layer4
AAACTTGCAAACGTAT-1,Layer6
AAAGAATGTGGACTAA-1,Layer6
AAAGACATGAAGTTTA-1,Layer2
AAAGACCCAAGTCGCG-1,Layer2
AAAGACTGGGCGCTTT-1,Layer5
AAAGGCTACGGACCAT-1,Layer6
AAAGGCTCTCGCGCCG-1,Layer6
AAAGGGATGTAGCAAG-1,Layer3
AAAGGGCAGCTTGAAT-1,Layer3
AAAGGTAAGCTGTACC-1,Layer1
AAAGGTCAACGACATG-1,Layer3
AAAGTAGCATTGCTCA-1,Layer6
AAAGTCACTGATGTAA-1,Layer2
AAAGTCGACCCTCAGT-1,Layer5
AAAGTGTGATTTATCT-1,Layer3
AAAGTTGACTCCCGTA-1,Layer3
AAATAACCATACGGGA-1,Layer1
AAATAAGGTAGTGCCC-1,Layer1
AAATACCTATAAGCAT-1,Layer4
AAATAGCTTAGACTTT-1,Layer3
AAATAGGGTGCTATTG-1,Layer5
AAATCACTCCTAAACG-1,Layer3
AAATCCGATACACGCC-1,Layer6
AAATCGTGTACCACAA-1,Layer5
AAATCTAGCCCTGCTA-1,Layer4
AAATGATTCGATCAGC-1,Layer1
AAATGCTCGTTACGTT-1,Layer3
AAATGGCATGTCTTGT-1,Layer1
AAATGGCCCGTGCCCT-1,Layer6
AAATGGTCAATGTGCC-1,Layer3
AAATGTATCTTATCCC-1,Layer5
AAATGTGGGTGCTCCT-1,Layer1
AAATTAACGGGTAGCT-1,Layer3
AAATTAATAAGCGCGA-1,Layer5
AAATTACACGACTCTG-1,Layer1
AAATTACCTATCGATG-1,Layer2
AAATTCCAGGTCCAAA-1,Layer2
AAATTGATAGTCCTTT-1,WM
AAATTGCGGCGGTTCT-1,Layer2
AAATTGGTGAGAAGCA-1,Layer1
AAATTTACCGAAATCC-1,Layer1
AAATTTGCGGGTGTGG-1,Layer5
AACAACTGGTAGTTGC-1,Layer3
AACAATACATTGTCGA-1,WM
AACAATTACTCTACGC-1,Layer4
AACACACGCTCGCCGC-1,Layer4
AACACGACTGTACTGA-1,Layer1
AACACGAGACGCGGCC-1,Layer6
AACACGCGGCCGCGAA-1,Layer2
AACAGCTGTGTGGCAA-1,WM
AACAGGAAATCGAATA-1,Layer1
AACAGGATGGGCCGCG-1,Layer4
AACAGGTAGTATGGAT-1,Layer3
AACATAGCGTGTATCG-1,Layer6
AACATATCAACTGGTG-1,Layer1
AACATCGATACGTCTA-1,Layer1
AACATTGGTCAGCCGT-1,Layer2
AACATTGTGACTCGAG-1,WM
AACCAAGACTTCTCTG-1,Layer5
AACCAGTATCACTCTT-1,Layer1
AACCATGGGATCGCTA-1,Layer3
AACCCAGAGACGGAGA-1,Layer3
AACCCGACAACCCGTG-1,WM
AACCCGAGCAGAATCG-1,Layer4
AACCCGATAGGGCTTC-1,Layer3
AACCCTACTGTCAATA-1,Layer3
AACCCTGGTGGAACCA-1,Layer1
AACCGAGCTTGGTCAT-1,Layer3
AACCGCTAAGGGATGC-1,Layer3
AACCGTTGTGTTTGCT-1,Layer1
AACCTAAAGCCGTCCG-1,Layer1
AACCTCGCTTTAGCCC-1,Layer5
AACCTGTCACGGAATT-1,Layer2
AACCTTTAAATACGGT-1,Layer5
AACCTTTACGACGTCT-1,Layer1
AACGATAATGCCGTAG-1,Layer5
AACGATAGAAGGGCCG-1,Layer3
AACGATATGTCAACTG-1,Layer3
AACGCATGATCTGGGT-1,Layer1
AACGCGAACGGCAACA-1,Layer3
AACGCGACCTTGGGCG-1,WM
AACGCGGTCTCCAGCC-1,Layer3
AACGCTGTTGCTGAAA-1,Layer4
AACGGACGTACGTATA-1,Layer4
AACGGCCATCTCCGGT-1,Layer5
AACGTACTGTGGGTAC-1,Layer5
AACGTAGTCTACCCAT-1,Layer1
AACGTCAGACTAGTGG-1,Layer3
AACGTGATGAAGGACA-1,Layer1
AACGTGCGAAAGTCTC-1,Layer3
AACGTTATCAGCACCT-1,Layer4
AACTACCCGTTTGTCA-1,Layer3
AACTAGCGTATCGCAC-1,Layer1
AACTAGGCTTGGGTGT-1,Layer5
AACTCAAGTTAATTGC-1,Layer4
AACTCCAGAGCGTGTT-1,Layer5
AACTCCTAATCCCATG-1,Layer1
AACTCGATAAACACGT-1,Layer3
AACTCGATGGCGCAGT-1,Layer3
AACTCTCAATAGAGCG-1,Layer3
AACTCTCAGTGTGCTC-1,Layer6
AACTGAGGTCAGCGTC-1,Layer1
AACTGATATTAGGCCT-1,Layer2
AACTGGGTCCCGACGT-1,Layer3
AACTGGGTTCGAGCCG-1,Layer1
AACTGGTGTGGGCCTT-1,Layer1
AACTTCTGCGTCTATC-1,Layer3
AACTTGCCCGTATGCA-1,Layer4
AACTTGCGTTCTCGCG-1,Layer3
AACTTTACGGGAGCTT-1,Layer5
AACTTTAGCTGCTGAG-1,Layer1
AACTTTCTCGATCATG-1,Layer1
AAGAAATCACCAGATT-1,Layer1
AAGAAGGATCAGTTAG-1,Layer3
AAGACATACGTGGTTT-1,Layer5
AAGACCCAACTGAACA-1,Layer6
AAGACTAACCCGTTGT-1,Layer2
AAGACTCACGCCCACT-1,Layer2
AAGACTGCAAGCTACT-1,Layer3
AAGAGATGAATCGGTA-1,Layer3
AAGAGCTCTTTATCGG-1,Layer3
AAGAGGATGTACGCGA-1,Layer5
AAGAGGCATGGATCGC-1,Layer3
AAGAGGCCCTTTGGAA-1,Layer5
AAGATGGCACCGGACC-1,WM
AAGATTGGCGGAACGT-1,Layer2
AAGCACCCTGCGTATC-1,Layer5
AAGCATACTCTCCTGA-1,Layer5
AAGCCGAAGCGGTTTA-1,Layer3
AAGCCGCTTTACCTTG-1,Layer1
AAGCGCAGGGCTTTGA-1,Layer6
AAGCGGAGTGCGCGCA-1,Layer2
AAGCGGCGTCATGGGT-1,Layer1
AAGCGTCCCTCATCGA-1,WM
AAGCTAGATCGAGTAA-1,Layer5
AAGCTCGTGCCAAGTC-1,Layer3
AAGCTCTTTCATGGTG-1,Layer5
AAGGAGAACTTATAAG-1,Layer1
AAGGAGCGGTTGGTGC-1,Layer3
AAGGATCGATCGCTTG-1,Layer3
AAGGATGAGGGACCTC-1,Layer2
AAGGCAGGCTGTCTCC-1,Layer3
AAGGCGCGTAAAGCTT-1,Layer3
AAGGCTGTGCTCATCG-1,Layer3
AAGGGACAGATTCTGT-1,Layer2
AAGGGACTATGCATTC-1,WM
AAGGTATCCTAATATA-1,Layer2
AAGGTGATAAACCAGC-1,Layer3
AAGTAAGCTTCCAAAC-1,Layer1
AAGTAGAAGACCGGGT-1,Layer3
AAGTAGTGACGCGAGG-1,Layer4
AAGTCAATTGTCGTCA-1,Layer3
AAGTCTAGTAGCTGCC-1,Layer1
AAGTCTTCTGTGGCCT-1,Layer6
AAGTGACGACCGAATT-1,Layer5
AAGTGAGTCGGGTTTA-1,WM
AAGTGCAAAGGTAGAC-1,Layer5
AAGTGCCTTGACTGTA-1,Layer3
AAGTGCGTTAGAATCT-1,Layer6
AAGTGCTTCTCTATTG-1,WM
AAGTGTTTGGAGACGG-1,Layer5
AAGTTCACTCCAAGCT-1,Layer5
AAGTTCAGTCTGCGTA-1,Layer1
AAGTTCGGCCAACAGG-1,Layer5
AAGTTGTGATGTTATA-1,Layer5
AAGTTTACTAATGGCA-1,Layer1
AAGTTTATGGGCCCAA-1,Layer6
AATAACAACGCTCGGC-1,Layer5
AATAACACTAGAACAA-1,Layer6
AATAAGTCCTCGAGAC-1,Layer1
AATACAATGTTTCAGG-1,Layer3
AATACCGGAGGGCTGT-1,WM
AATACCTGATGTGAAC-1,Layer6
AATAGAACAGAGTGGC-1,Layer6
AATAGAATCTGTTTCA-1,Layer4
AATAGCAAGCCTCCTG-1,Layer2
AATAGCTACCGCGTGC-1,Layer1
AATAGTCCGTCCCGAC-1,Layer6
AATAGTCGCGAGTCGG-1,Layer4
AATATCAAGGTCGGAT-1,Layer2
AATATCGAATCAATGC-1,Layer3
AATATCGAGGGTTCTC-1,Layer1
AATATTGGAGTATTGA-1,Layer5
AATCAGACTGCAGGAC-1,Layer2
AATCAGGTTTCATTTA-1,WM
AATCATGTAAAGACTC-1,Layer4
AATCCAAGGGCCTGAG-1,Layer3
AATCCATGCAAGGGTG-1,Layer3
AATCGAGGTCTCAAGG-1,WM
AATCGCCTCAGCGCCA-1,Layer3
AATCGCGCAGAGGACT-1,Layer3
AATCGGGACACTACGA-1,Layer1
AATCGGTATAGCCCTC-1,Layer6
AATCGTGAGCCGAGCA-1,Layer6
AATCTAGGTTTACTTG-1,WM
AATCTATGCCGGAGCC-1,Layer1
AATCTCTACTGTGGTT-1,Layer5
AATCTGCGTTGGGACG-1,Layer3
AATCTGGCTTTCTAGT-1,WM
AATCTGGGTAGACCCT-1,Layer1
AATGACAGCAATGTCT-1,Layer6
AATGACGTAGGATGTC-1,Layer3
AATGACTGTCAGCCGG-1,Layer3
AATGAGTTCGCATATG-1,Layer3
AATGATGATACGCTAT-1,Layer1
AATGATGCGACTCCTG-1,Layer1
AATGCAACCGGGTACC-1,Layer3
AATGCACCAAGCAATG-1,Layer1
AATGGCCGCCAATGCG-1,Layer3
AATGGTCCACCGTTCA-1,Layer5
AATGGTTCTCACAAGC-1,Layer3
AATGTGCCCGAGGTGT-1,WM
AATGTGCTAATCTGAG-1,WM
AATGTTAAGACCCTGA-1,Layer6
AATGTTGTCGTGAGAC-1,Layer5
AATTAAAGGTCGGCGT-1,Layer4
AATTAACGGATTTCCA-1,Layer5
AATTACTCGTACGCTC-1,Layer3
AATTAGCGCTGCAGCG-1,Layer5
AATTATACCCAGCAAG-1,Layer6
AATTCATAAGGGATCT-1,Layer1
AATTCCAACTTGGTGA-1,Layer2
AATTCCAAGCATGTAC-1,WM
AATTCGATTCGAGGAT-1,Layer6
AATTCTAGAGTTAGGC-1,Layer5
AATTGAACGCTCTGGT-1,Layer3
AATTGCAGCAATCGAC-1,Layer5
AATTGTGGTTGCCAAA-1,Layer5
AATTTGGGACATAGTA-1,Layer1
AATTTGGTTCCAAAGA-1,Layer1
ACAAACCGACAAGGCG-1,Layer1
ACAAAGAAGGTAGGCC-1,Layer6
ACAAAGCATGACCTAG-1,Layer5
ACAAATCGCACCGAAT-1,Layer4
ACAAATGGTAGTGTTT-1,Layer3
ACAAATTCAGATCTGA-1,Layer1
ACAACAGCATGAGCTA-1,Layer3
ACAACGGTCCCTGCGA-1,Layer3
ACAAGCAGTGCCTAGC-1,Layer4
ACAAGCTATATGGAAG-1,Layer6
ACAAGGAAATCCGCCC-1,Layer4
ACAAGGACAAGAGGTT-1,Layer3
ACAAGGATGCTTTAGG-1,Layer5
ACAAGGCCTACCAGCC-1,Layer2
ACAAGGGCAGGCTCTG-1,Layer4
ACAATAGTCGTACGTT-1,Layer5
ACAATCCATTTAAACC-1,Layer5
ACAATCGATCTTTATA-1,Layer1
ACAATGAATACGGAGA-1,WM
ACAATGATTCTTCTAC-1,Layer2
ACAATTGTGTCTCTTT-1,Layer4
ACAATTTAGGAGGCTC-1,Layer5
ACAATTTGAGCAGTGG-1,Layer3
ACACAAAGACGGGTGG-1,Layer3
ACACAAATATTCCTAG-1,Layer1
ACACACCAGGACCAGT-1,Layer3
ACACACTTTCTACACG-1,Layer1
ACACATTGACGCAACA-1,Layer3
ACACATTTCCGTAGAC-1,WM
ACACCACATAATTAGC-1,Layer1
ACACCCAGCATGCAGC-1,Layer3
ACACCCGAGAAATCCG-1,Layer3
ACACCCGTAAATCTGT-1,Layer3
ACACCGAGCGCTCTTT-1,Layer3
ACACCTTAAGTAGGGC-1,Layer3
ACACCTTACTACTTGC-1,Layer3
ACACGAGACTCCTTCT-1,Layer3
ACACGGCACTATGCAT-1,Layer1
ACACGGGAACTTAGGG-1,Layer3
ACACGTAGGCCACAAG-1,Layer4
ACACTCCAATGTCACT-1,Layer3
ACACTGATCAAGGTGT-1,Layer5
ACACTGGGACAGTCGT-1,Layer4
ACAGAACTGAGAACAA-1,WM
ACAGATTAGGTTAGTG-1,Layer1
ACAGCATAGAGCCAGT-1,Layer1
ACAGCGACATTCTCAT-1,Layer5
ACAGCGCACCCGCAGC-1,Layer1
ACAGGCACGGATCCTT-1,Layer6
ACAGGCTTGCCCGACT-1,Layer4
ACAGGTGGAGGTGAGG-1,Layer6
ACAGGTGTGTTGTTGC-1,Layer6
ACAGTAATACAACTTG-1,Layer6
ACAGTATACCGTGGGA-1,Layer1
ACAGTGCAGCGCATTT-1,Layer3
ACATAATAAGGCGGTG-1,Layer3
ACATCAGCTGGGACGC-1,Layer5
ACATCCCGGCCATACG-1,Layer5
ACATCCTGGTAACTGT-1,Layer3
ACATCGATCGTTTACC-1,Layer4
ACATCGGTCAGCCGCG-1,Layer5
ACATCGTATGCAATGG-1,Layer3
ACATCGTTAACCTAGT-1,Layer1
ACATCTCAACGCGTAA-1,Layer1
ACATGGCGCCAAAGTA-1,Layer3
ACATGGCTCAATTTAG-1,Layer3
ACATTAGTTTATATCC-1,Layer5
ACATTTGAAACCTAAC-1,Layer6
ACCAAACACCCAGCGA-1,Layer1
ACCAAACTAGAAATCC-1,Layer1
ACCAACACCACACACT-1,Layer1
ACCAACCGCACTCCAC-1,Layer5
ACCAACGCTTATTTAT-1,Layer6
ACCAAGAACGCGTGTC-1,Layer3
ACCAAGTCATCGGCAG-1,Layer6
ACCAATATGCAAGTTA-1,Layer5
ACCACAACTCAGAACA-1,Layer1
ACCACAAGTTTCTATC-1,Layer3
ACCACACGGTTGATGG-1,WM
ACCACCAATGTAACAA-1,Layer3
ACCACCCTCTCTTCTA-1,Layer1
ACCACGTGCAGCTATA-1,Layer4
ACCACTGTTCAAGAAG-1,Layer3
ACCAGACCATAACAAC-1,Layer6
ACCAGCCCGGTCTTTG-1,Layer1
ACCAGGAGTGTGATCT-1,Layer1
ACCAGTGCCCGGTCAA-1,Layer1
ACCAGTGCGGGAGACG-1,Layer3
ACCATATCCGCAATAA-1,Layer4
ACCATCCGCCAACTAG-1,Layer6
ACCATCGTATATGGTA-1,Layer5
ACCATTAAGGGTGTCA-1,Layer3
ACCCAACGCCCGTGGC-1,Layer3
ACCCACCTACATGCTC-1,Layer3
ACCCATCTTGAGGGTA-1,Layer4
ACCCATTTGTCCCTCT-1,Layer5
ACCCGAGCGAAATTAC-1,WM
ACCCGATTGGTTCCGA-1,WM
ACCCGGAAACTCCCAG-1,Layer5
ACCCGGATGACGCATC-1,Layer3
ACCCGGTTACACTTCC-1,Layer5
ACCCGTAGTCTAGTTG-1,Layer5
ACCCGTGTCATCAGTA-1,Layer6
ACCCTATAGGACTGAG-1,Layer3
ACCCTATGCCATATCG-1,Layer6
ACCCTCCCGTCAGGGC-1,Layer6
ACCCTCCCTTGCTATT-1,Layer4
ACCCTGGTAACGCCCT-1,Layer1
ACCCTTCATCTGCGAA-1,Layer1
ACCCTTGCCTGGGTCG-1,Layer1
ACCCTTTAGTTCTCCA-1,Layer1
ACCGAAAGGGCCCTGC-1,Layer1
ACCGACACATCTCCCA-1,Layer6
ACCGACTGAGTCCCAC-1,Layer3
ACCGAGTCTCCTTATT-1,Layer6
ACCGATAGGCATAACC-1,Layer4
ACCGATGGTAGCATCG-1,Layer3
ACCGCAATAACTGCCT-1,Layer5
ACCGCGGTGGAAGTCG-1,Layer3
ACCGGGCCTTTGTTGA-1,Layer3
ACCGGTCTGAGTACGG-1,Layer2
ACCGTGACCACGTGGG-1,WM
ACCGTTCCCGCTCTGA-1,Layer1
ACCTAAGTACCTTTCA-1,Layer6
ACCTAATCGACTTCCT-1,Layer4
ACCTACAGTATGTGGT-1,Layer3
ACCTACTATAAATCTA-1,WM
ACCTCCGCCCTCGCTG-1,Layer4
ACCTCCGTTATTCACC-1,Layer2
ACCTGCGTGTCATGTT-1,Layer6
ACCTTTCCTTTAGAAG-1,Layer1
ACGAAATGGGCGGCAC-1,Layer4
ACGACTCTAGGGCCGA-1,Layer6
ACGACTGGTCATACTC-1,WM
ACGAGAACCCATCACG-1,Layer2
ACGAGATATTTGCTTA-1,Layer1
ACGAGGATACCACTCT-1,WM
ACGAGTACGGATGCCC-1,Layer1
ACGATACATAGAACTA-1,Layer2
ACGATACCTATCCTGA-1,Layer5
ACGATCATACATAGAG-1,Layer3
ACGATCATCTTGTAAA-1,Layer3
ACGATGCATATGTTAT-1,Layer4
ACGATGGATCCGATGC-1,Layer1
ACGCAAACTAATAGAT-1,WM
ACGCAATCACTACAGC-1,Layer1
ACGCATAAATGACATG-1,Layer2
ACGCATACGTTTACTA-1,Layer4
ACGCATTCGTGAGTAC-1,Layer3
ACGCCACTCGAAACAG-1,WM
ACGCCAGATGATTTCT-1,Layer1
ACGCCAGTGCGTTTGC-1,Layer6
ACGCCCAGCTGTCGAT-1,Layer1
ACGCCGCTAGACGACC-1,Layer4
ACGCGAAGTCAGACGA-1,Layer5
ACGCGCTACACAGGGT-1,Layer5
ACGCGGGCCAAGGACA-1,Layer3
ACGCGTTTCTTAAGAG-1,Layer5
ACGCTAGTATCAGTGC-1,Layer3
ACGCTAGTGATACACT-1,Layer2
ACGCTGTGAGGCGTAG-1,Layer5
ACGCTTAGTGTCTCTC-1,Layer1
ACGGAACACGAGTGCC-1,Layer6
ACGGAATTTAGCAAAT-1,Layer3
ACGGACTCTCAAAGCG-1,Layer6
ACGGAGCGCAAATTAC-1,Layer1
ACGGATGGTGCGGATA-1,Layer5
ACGGCACTTGCTTGGG-1,Layer5
ACGGCCAACATGGACT-1,Layer5
ACGGCGACGATGGGAA-1,Layer4
ACGGCGGGTTGCCCTG-1,Layer2
ACGGGAGTGTCGGCCC-1,Layer6
ACGGGCGTATGCGACA-1,Layer1
ACGGGTCATGTGACTT-1,Layer3
ACGGTACAGTTCAATG-1,Layer6
ACGTACAGATTTCTCT-1,Layer1
ACGTACTTTGGCACGG-1,WM
ACGTAGATTGCTGATG-1,Layer3
ACGTAGGAGAGTCGCT-1,Layer6
ACGTATTACTCCGATC-1,Layer3
ACGTCCTAAACGAGAT-1,Layer1
ACGTCTCGTTCCGGGA-1,Layer6
ACGTGCGCCTCGTGCA-1,Layer2
ACGTGGTCGAATGTGC-1,Layer1
ACGTTAATGTCGAAGA-1,Layer3
ACGTTAGATTTGCCCG-1,Layer5
ACGTTATTGGTCACTC-1,Layer3
ACGTTCCGCGCTCCGT-1,Layer1
ACGTTCGCAATCAATT-1,Layer2
ACGTTCGTTCAGGAAA-1,WM
ACGTTCTGTACAAGTC-1,Layer5
ACGTTTAGTTGTGATC-1,Layer1
ACTAAGGACGCACACC-1,Layer2
ACTAATACGTCAGGCG-1,Layer1
ACTACAAAGAGAGGTG-1,WM
ACTACCAGCTCTCTGG-1,Layer3
ACTACGCGTTAGAATT-1,Layer6
ACTAGTTGCGATCGTC-1,Layer3
ACTATATGCTGTGTTC-1,Layer1
ACTATCCAGGGCATGG-1,Layer3
ACTATCGCCGGCTAAA-1,Layer3
ACTATCTGCCCGCGTA-1,Layer3
ACTATTCGTCCGTGGT-1,Layer1
ACTATTTCCGGGCCCA-1,WM
ACTCAACGAATGTATT-1,Layer2
ACTCAAGTGCAAGGCT-1,Layer5
ACTCAATAAAGGCACG-1,Layer3
ACTCAGACCTGCTTCT-1,Layer2
ACTCCAATATCATCAT-1,WM
ACTCCCATTCCTAAAG-1,Layer6
ACTCCCGAATTCGTTT-1,Layer2
ACTCCCGTAGACTAGG-1,Layer1
ACTCCCTAATGCTAAA-1,Layer5
ACTCCCTAGAATAGTA-1,Layer4
ACTCCGGCCGACCACT-1,Layer6
ACTCGATGTATTTCAT-1,Layer3
ACTCGCCGTTCGATAA-1,Layer5
ACTCGCGATCTGACGC-1,
ACTCGTAACCCGTCCT-1,Layer6
ACTCGTCAGTAATCCC-1,Layer3
ACTCTAAACCTGGGAT-1,Layer5
ACTCTCTGACTTAGGT-1,Layer3
ACTCTCTTATACACGA-1,Layer1
ACTCTGACCTAATAGA-1,Layer6
ACTCTTGTATAGTAAC-1,Layer3
ACTGAAACGCCGTTAG-1,Layer5
ACTGAATGGCGAAAGT-1,Layer4
ACTGATTTAGTGATTC-1,Layer1
ACTGCCCGCCATTCTC-1,WM
ACTGCCGTCGTAACTC-1,Layer1
ACTGCGGACACACCGT-1,Layer2
ACTGGCGAACCTGCGT-1,Layer2
ACTGTACGATACACAT-1,Layer3
ACTGTAGCACTTTGGA-1,Layer3
ACTGTATACGCGAGCA-1,Layer3
ACTGTCCAGGATTATA-1,Layer3
ACTGTCTTCTTTAGAA-1,Layer3
ACTGTGCTAGTAGATC-1,Layer3
ACTGTTTAGTGTAGGC-1,Layer1
ACTTACCGGGCGCGCA-1,Layer1
ACTTACGCATCCACGC-1,Layer5
ACTTAGTACGACAAGA-1,Layer3
ACTTATACTTACCCGG-1,Layer3
ACTTATCTGATCTATA-1,Layer1
ACTTATTAGGATCGGT-1,Layer4
ACTTATTTATGTGCCA-1,Layer3
ACTTCAGGCTGATCCC-1,Layer4
ACTTCCATGCGGGACA-1,Layer5
ACTTCCTGTCGTGCGA-1,Layer3
ACTTCGCCATACGCAC-1,Layer3
ACTTGACTCCCTCTTT-1,Layer3
ACTTGCCATATTGTAC-1,Layer1
ACTTGGGACCCGGTGG-1,Layer3
ACTTGTAGTCCCTTCA-1,Layer6
ACTTGTGGATGGAACG-1,Layer3
ACTTTACCCTCATGAA-1,Layer2
ACTTTCCTATAGCTTC-1,Layer3
ACTTTGACTGCATCCT-1,Layer5
AGAAATTATGACTCGC-1,Layer3
AGAACGTGGTACATTC-1,Layer3
AGAACTGTACTTTGTA-1,Layer6
AGAAGAGCGCCGTTCC-1,Layer3
AGAAGGTACACTTCAC-1,WM
AGAAGGTTGCCGAATT-1,Layer5
AGAAGGTTGTAGGTCG-1,Layer6
AGAAGTGATTCGTGAT-1,Layer6
AGAATAAATCTTCAGG-1,Layer5
AGAATACAGGCTATCC-1,Layer6
AGAATGCGGGTTCGGA-1,Layer1
AGAATTATGGATTCGA-1,Layer3
AGAATTGTTTGACATA-1,Layer3
AGACAGCTCAGAATCC-1,Layer4
AGACATAGATCCTTCC-1,Layer1
AGACCATGGGATACAA-1,Layer3
AGACCCACCGCTGATC-1,Layer5
AGACCCGCCCTCCTCG-1,Layer3
AGACCGCTCCGCGGTT-1,Layer3
AGACCGGGAAACCCTG-1,Layer5
AGACGAAGTGCCGGTC-1,Layer3
AGACGACGATGCCGCT-1,Layer6
AGACGGGATTGGTATA-1,Layer1
AGACGGGCCGATTTAA-1,Layer1
AGACTAGCCTTCCAGA-1,Layer3
AGACTGTTACCGGGTC-1,WM
AGAGAAACACCAGAAA-1,WM
AGAGAACCGTCTAGGA-1,Layer2
AGAGAAGGAGTACAAT-1,WM
AGAGATCTCTAAAGCG-1,Layer5
AGAGCAGTTATGAGAC-1,Layer4
AGAGCCGCCGAGATTT-1,Layer4
AGAGCGCTTGTAACGG-1,Layer1
AGAGCGGGCTAATCAT-1,Layer2
AGAGCGTACAAGCTCG-1,Layer3
AGAGCTACGAAAGCAT-1,Layer3
AGAGGCTTCGGAAACC-1,Layer3
AGAGGGACAATTGTCC-1,Layer2
AGAGGTATCTCGGTCC-1,Layer1
AGAGTAAACTTCACTA-1,Layer3
AGAGTGAACAGACACC-1,Layer3
AGAGTTAGAGACCGAT-1,Layer1
AGAGTTGCAGGCCTCC-1,Layer2
AGATAACTTCAGGGCC-1,Layer3
AGATACCAATAGAACC-1,Layer5
AGATACCAGCACTTCA-1,Layer1
AGATACCGGTGTTCAC-1,Layer5
AGATACGACTTCATAT-1,Layer3
AGATACTCAAGATCGA-1,Layer4
AGATATAATACGACTA-1,Layer6
AGATCGTGCATAAGAT-1,Layer1
AGATCTCAGGTGTGAT-1,Layer3
AGATGACTCGCCCACG-1,Layer3
AGATGAGGGTTGCGAT-1,Layer1
AGATGATGGAGTCTGG-1,Layer2
AGATGCAAGACGTGCA-1,WM
AGATGCTATAACGAGC-1,Layer3
AGATTATAGGACGTTT-1,Layer3
AGATTCAAGCGGGTCG-1,Layer3
AGATTCACAACCGATA-1,WM
AGCAAAGGCCGCTAGT-1,Layer6
AGCAACATATCTTATT-1,Layer3
AGCAACCGAAAGTAAT-1,WM
AGCACCAGTACTCACG-1,Layer3
AGCACTACCGGCCTGT-1,Layer5
AGCACTACCTCACCAG-1,Layer5
AGCACTTAAGGACGCC-1,Layer4
AGCAGAAGGAGAAAGA-1,Layer6
AGCAGCCAGATGAATA-1,Layer6
AGCAGTCGAAGCATGC-1,Layer6
AGCATATCAATATGCT-1,Layer4
AGCATCATTTCGAAAG-1,WM
AGCATCGTCGATAATT-1,Layer3
AGCATTACGAGGCAAG-1,Layer5
AGCCAAGCTTTGTGTC-1,Layer6
AGCCACAGGTTACCCG-1,Layer5
AGCCACTCCCGTGCTT-1,Layer2
AGCCATATAGTATGTG-1,WM
AGCCCATACATGTAAG-1,Layer5
AGCCCGCAACAAGCAG-1,WM
AGCCCGGCATTAGAGG-1,WM
AGCCCGGTAGCCTGTA-1,WM
AGCCCTAAGCGAAGTT-1,Layer2
AGCCCTTCTAATCCGA-1,Layer1
AGCCCTTGGACATCCC-1,Layer4
AGCCGCAAATTCAAAT-1,Layer6
AGCCGCTTGATTAGCG-1,Layer3
AGCCGTGGCTAAATGT-1,Layer6
AGCCTAATACCCACGT-1,WM
AGCCTTAAAGCGGAAG-1,Layer3
AGCGACAGGAACGGTC-1,Layer6
AGCGACATCCCATTCA-1,Layer2
AGCGACCAACGATATT-1,Layer3
AGCGATGCGCCTAATA-1,Layer5
AGCGCATAATGAATCG-1,Layer6
AGCGCGGGTGCCAATG-1,Layer1
AGCGCTTATGGGCAAG-1,Layer1
AGCGGACACTTCGTAG-1,Layer6
AGCGGCGGTTAGCGGT-1,WM
AGCGGGAAGGGTCCAT-1,Layer3
AGCGGGTCTGACACTC-1,Layer6
AGCGGTTGAGATGTAC-1,Layer2
AGCGGTTGCCGCTCTG-1,Layer1
AGCGTACGAGAGCTAG-1,Layer3
AGCGTAGCGCTAGACC-1,Layer1
AGCGTCTGAACCCGCA-1,Layer2
AGCGTGGTATTCTACT-1,Layer4
AGCGTTCCGATTTAAA-1,Layer2
AGCTAACAAGCAATGT-1,WM
AGCTAAGTACGCAGGC-1,Layer5
AGCTAGAAGCAGAAGT-1,Layer1
AGCTATTTAATCCAAC-1,Layer1
AGCTCCATATATGTTC-1,Layer4
AGCTCCTTCGCACATC-1,Layer4
AGCTCGTTGATGGAAA-1,Layer1
AGCTCTAGACGTTCCA-1,Layer3
AGCTCTTCCCAGTGCA-1,Layer1
AGCTCTTCGTAACCTT-1,Layer3
AGCTCTTTACTCAGTT-1,Layer5
AGCTGAAGTAAACCAA-1,Layer1
AGCTGCATTTGAGGTG-1,Layer3
AGCTGCTGTGCCGAAT-1,Layer3
AGCTGTAACCTCAATC-1,WM
AGCTTATAGAGACCTG-1,Layer1
AGCTTCAATACTTTGA-1,Layer1
AGCTTCTTCTCGAGCA-1,Layer6
AGCTTGATCTTAACTT-1,Layer5
AGGAAAGCCTCTGATG-1,Layer3
AGGAAGCTGTCCGCCG-1,Layer6
AGGACAGTCGAATCCC-1,Layer3
AGGACATCGCACGTCG-1,Layer3
AGGACGACCCATTAGA-1,Layer5
AGGACGCTCGATGTTG-1,Layer1
AGGACTTATAGGAGAA-1,Layer3
AGGAGGCCTTCGCGCG-1,Layer4
AGGATAAAGTCGGGAT-1,Layer5
AGGATATAGGGATTTA-1,Layer3
AGGATATCCGACTGCA-1,Layer6
AGGATCACGCGATCTG-1,Layer6
AGGCAAAGAGGAATCA-1,Layer1
AGGCACGTGACTGTCC-1,Layer4
AGGCAGATGCGTAAAC-1,Layer2
AGGCAGGGAGCGTACT-1,Layer6
AGGCATTGTCGTAGGG-1,Layer3
AGGCCACCCGTTATGA-1,Layer3
AGGCCCAGTGACTGGT-1,Layer3
AGGCCCATTGTACAGG-1,Layer2
AGGCCCTAGAACGCCA-1,Layer6
AGGCCTATCATACCAA-1,WM
AGGCCTGAGAATCTCG-1,Layer5
AGGCGGTTTGTCCCGC-1,WM
AGGCGTCTATGGACGG-1,Layer1
AGGCTATGGTTAGCTT-1,Layer3
AGGCTTCCCGAAGAAG-1,Layer5
AGGCTTGCTAGACACC-1,Layer4
AGGGAAACGAGGTACT-1,Layer1
AGGGACAGCACGGCGG-1,Layer1
AGGGACCGGCTGCGTT-1,Layer3
AGGGACTCTACGCGAC-1,Layer6
AGGGAGACATACTTCG-1,Layer1
AGGGCAGCGGCGTGGT-1,Layer1
AGGGCGAGCAGCTGAT-1,Layer6
AGGGCGTGATCGGCTA-1,Layer3
AGGGCTGCAGTTACAG-1,Layer3
AGGGTCAGAGCACTCG-1,WM
AGGGTCAGTAACCCTA-1,Layer1
AGGGTCGATGCGAACT-1,Layer3
AGGGTGCCGTTCTTTA-1,WM
AGGGTGCTCTCGAGGG-1,Layer3
AGGGTGGATAGTGCAT-1,Layer5
AGGGTGTGCTACACGC-1,Layer3
AGGGTTCAGACGGTCC-1,WM
AGGGTTCCCTTTGGTT-1,Layer3
AGGGTTTAGTTCGGGA-1,Layer3
AGGTAACCTCCTATTC-1,Layer3
AGGTACGATATTGCCA-1,Layer1
AGGTAGATCGAGATAT-1,WM
AGGTAGGTACAAAGCT-1,Layer4
AGGTATAATTGATAGT-1,Layer2
AGGTCAGGTGAGAGTG-1,Layer6
AGGTCGCCACTTCGGT-1,Layer1
AGGTCGCGGAGTTACT-1,Layer1
AGGTGCACGTCCACAT-1,Layer6
AGGTGGTGACCTTCGC-1,WM
AGGTGTATCGCCATGA-1,Layer5
AGGTTACACCATGCCG-1,Layer3
AGGTTGAGGCACGCTT-1,Layer3
AGGTTTCACACACCTT-1,Layer4
AGTAACGTTCATCCTG-1,Layer1
AGTAACTATAGCAGCC-1,Layer6
AGTAATCTAAGGGTGG-1,Layer6
AGTAATGTCTTGCCGC-1,Layer2
AGTACAGAAGCTTATA-1,Layer6
AGTACATCATTTATCA-1,Layer1
AGTACCTTCGAGTGCT-1,Layer1
AGTACGGCCCGTATCG-1,Layer5
AGTACGGGCACCTGGC-1,Layer3
AGTACGTGGCCTGTCT-1,Layer1
AGTACTCTTATGCCCA-1,Layer5
AGTAGAAGGCGCCTCA-1,WM
AGTAGCGTGAACGAAC-1,Layer1
AGTAGCTAGACGCCGA-1,Layer2
AGTAGGAAGGAAGTTG-1,Layer1
AGTAGGTAACATACAT-1,Layer2
AGTATAATACTAGGCA-1,Layer3
AGTATACACAGCGACA-1,WM
AGTATCCATAATAACG-1,Layer2
AGTATGCTGGAGACCA-1,WM
AGTATTTGGCACGACC-1,Layer6
AGTCAAATGATGTGAT-1,WM
AGTCAACACCACCATC-1,Layer5
AGTCAAGATGACACTT-1,Layer3
AGTCACTAGCTCTCGA-1,Layer4
AGTCACTCCGCCTCAT-1,Layer2
AGTCAGCCACCGCCTG-1,Layer3
AGTCCAGCGGGTACGT-1,Layer2
AGTCCATTGGCTGATG-1,Layer3
AGTCCCGCCTTTAATT-1,Layer1
AGTCGACGGTCTCAAG-1,Layer3
AGTCGGCCCAAACGAC-1,Layer3
AGTCGGCTCAACTTTA-1,Layer6
AGTCGGTTGCGTGAGA-1,Layer3
AGTCGTATAAAGCAGA-1,Layer6
AGTCGTCGACCACCAA-1,Layer5
AGTCGTGGGCATTACG-1,Layer6
AGTCTAAAGTATACTC-1,Layer1
AGTCTCACAAGACTAC-1,Layer6
AGTCTGGACATCCTTG-1,Layer3
AGTCTTCTCCTCAAAT-1,Layer3
AGTCTTTAAAGTGTCC-1,Layer6
AGTGAACAAACTTCTC-1,Layer3
AGTGAAGATGGTGTCC-1,Layer1
AGTGACCTACTTTACG-1,Layer5
AGTGACTGTGACACAA-1,WM
AGTGAGACTTCCAGTA-1,Layer3
AGTGAGCCTCGCCGCC-1,Layer2
AGTGAGGGTTTCTGAC-1,Layer1
AGTGAGTCGAATTAAC-1,Layer5
AGTGATAACCTGCGCG-1,Layer5
AGTGATATGAGTAGTT-1,Layer5
AGTGATTCAAGCAGGA-1,Layer3
AGTGCACGCTTAAGAA-1,Layer4
AGTGCGTAGCTCGTAA-1,Layer5
AGTGCTAAACACAGCA-1,Layer5
AGTGCTTGCACGAATA-1,Layer3
AGTGGCCCGCAAATGG-1,Layer6
AGTGGCGGCAATTTGA-1,Layer1
AGTGGCGTCTGAAGGT-1,Layer5
AGTGGCTCCGTCGGCC-1,Layer5
AGTGGTGTTACCCGTG-1,Layer6
AGTGGTTGCGTATAGG-1,Layer5
AGTGTATTGCGCATTG-1,Layer1
AGTGTGCTAAGATCGC-1,Layer3
AGTGTGGTCTATTGTG-1,Layer3
AGTTAAACACTTGCGA-1,Layer5
AGTTAAGCGGTCCCGG-1,Layer1
AGTTAAGTCAACCGCT-1,Layer6
AGTTACCCTTAAGACT-1,Layer4
AGTTACCGCACATGGT-1,Layer4
AGTTACTCTATCGTGG-1,Layer1
AGTTATTGAAAGGTAA-1,Layer1
AGTTCACCGGTTGGAC-1,Layer3
AGTTCCTACAGAATTA-1,Layer3
AGTTCCTATTTATGTT-1,Layer4
AGTTCTGCGTTGTATC-1,Layer3
AGTTGACATCGGCTGG-1,Layer3
AGTTGACGGTCCTTGC-1,Layer6
AGTTGCTGACTGATAT-1,Layer3
AGTTGGCAAGGCTAGA-1,Layer5
AGTTTCGCAGGTCGGA-1,Layer1
AGTTTGCACCTGCCTC-1,Layer5
AGTTTGGCACGGGTTG-1,Layer3
AGTTTGGCCAGACCTA-1,Layer6
ATAAACCATTGGACGG-1,Layer1
ATAAACGGACCCGTAA-1,Layer5
ATAAACGTTGCACCAC-1,Layer4
ATAAAGGCTCGGTCGT-1,Layer3
ATAAAGGTCAAGTACG-1,Layer1
ATAAATATTAGCAGCT-1,Layer5
ATAACGCCGGAGGGTC-1,Layer3
ATAACGGAGTCCAACG-1,Layer3
ATAACGTTACCTCCAC-1,Layer2
ATAAGCAAACACCGAG-1,Layer2
ATAAGGTGGAGAACAT-1,Layer5
ATAAGTACCCGATTGT-1,Layer2
ATAAGTAGGATTCAGA-1,Layer1
ATAAGTAGGGCGACTC-1,Layer3
ATAAGTTACCGCGACG-1,Layer5
ATAATACCGTTAGCCG-1,Layer3
ATAATAGCTGTTGAAT-1,Layer5
ATAATAGTGTAGGGAC-1,Layer3
ATAATCTTGGAGAACC-1,Layer5
ATAATTAGCTAAGTAG-1,Layer6
ATACAGGCCCTCCAAT-1,Layer5
ATACCACGGGCAACTT-1,Layer5
ATACCAGCAAATTGCT-1,Layer1
ATACCAGGCTAATAGA-1,Layer1
ATACCAGGTGAGCGAT-1,Layer1
ATACCGTCATCCATAA-1,Layer1
ATACCTAACCAAGAAA-1,Layer6
ATACGACAGATGGGTA-1,Layer3
ATACGCCGATCTACCG-1,Layer1
ATACGCCGGCGAAACC-1,Layer3
ATACGGAACGTCGTTT-1,WM
ATACGGGTTTCGATTG-1,Layer2
ATACGGTGAAGATGCA-1,Layer5
ATACGTACTTAGCCAC-1,Layer5
ATACGTCCACTCCTGT-1,Layer3
ATACGTTATGCACGGA-1,Layer6
ATACTACCCGTACCAC-1,Layer5
ATACTAGCATGACCCT-1,Layer3
ATACTCTCGCCACTCT-1,Layer3
ATACTGCCTTACACCG-1,Layer5
ATACTTGTTCTCGAGC-1,Layer5
ATAGACAACGGGACCT-1,Layer2
ATAGACGAAGAGAAAG-1,Layer3
ATAGAGTACTGGGACA-1,Layer3
ATAGAGTTATCAACTT-1,Layer2
ATAGATTTGCAGTCGG-1,Layer1
ATAGCAACTAGGGAAG-1,Layer5
ATAGCCTCAGTACCCA-1,Layer3
ATAGCTGCTCTTGTTA-1,Layer3
ATAGGAATCTAAGCTT-1,Layer2
ATAGGCGGCTATAGAA-1,Layer5
ATAGGCTAGCTTCGCA-1,Layer1
ATAGGGATATCCTTGA-1,Layer3
ATAGGTTGGGCAGATG-1,Layer3
ATAGTCTTTGACGTGC-1,Layer1
ATAGTGAAGCGTTCTC-1,Layer4
ATAGTTCCACCCACTC-1,Layer3
ATATAAAGCGCTCGTG-1,Layer5
ATATAAATGTAGCTGC-1,Layer5
ATATAACACGGGCGCA-1,Layer5
ATATACGCTCGTGACG-1,Layer5
ATATCAACCTACAGAG-1,Layer3
ATATCGGTAGGGAGAT-1,Layer3
ATATCGTGCCAGACCC-1,Layer1
ATATCGTTCCTCGAAC-1,Layer5
ATATCTCCCTCGTTAA-1,Layer1
ATATCTTAGGGCCTTC-1,Layer3
ATATGGGATAGCAACT-1,WM
ATATGTCTAGAGCGTG-1,WM
ATATGTCTCCCTAGCC-1,Layer3
ATATGTGCACAAACCA-1,Layer2
ATATTCAGTTAAACCT-1,Layer5
ATATTCCACATAGTGA-1,Layer5
ATATTCCCACAGGTCA-1,Layer1
ATATTGCTGTCAAAGT-1,Layer3
ATATTTAACCCTCAAG-1,Layer3
ATCAAACACTGTTCCA-1,Layer3
ATCAAACGAAGGTTTG-1,Layer6
ATCAAGATCCCAGGAC-1,WM
ATCAATCTGGGCTGCA-1,Layer3
ATCACATTAGAATATC-1,Layer1
ATCACGTGCTAATTAA-1,Layer5
ATCACTTCATCCTCGC-1,Layer3
ATCAGACGGCACGCCG-1,Layer5
ATCAGCCTCATGCTGC-1,Layer5
ATCAGCTCGTCCACTA-1,WM
ATCAGGTCGCCATTGC-1,Layer1
ATCAGTAGGCAGGGAT-1,Layer2
ATCATAGCCCTATGTA-1,Layer5
ATCATCCAATATTTGT-1,Layer4
ATCATCTGCCCAGTGT-1,Layer1
ATCCAACGCAGTCATA-1,Layer3
ATCCAATGGAGGGTCC-1,Layer5
ATCCAATGGTACCGAA-1,Layer5
ATCCACATCGACAGAA-1,Layer6
ATCCACGCTAAATGTT-1,Layer1
ATCCACTTTCAGACTA-1,Layer2
ATCCAGAGCAACAACC-1,Layer5
ATCCAGGATTCGTGAA-1,Layer5
ATCCCATTTCCGTGGG-1,WM
ATCCTACCTAAGCTCT-1,Layer5
ATCCTGAATCGCTGCG-1,Layer5
ATCCTGCGTGGAATGG-1,Layer5
ATCCTGCTGCAGATAG-1,Layer1
ATCGACCCAATACAGA-1,Layer4
ATCGACTCTTTCCGTT-1,Layer3
ATCGCACGATTGTTCA-1,Layer3
ATCGCACGCCGGGAGA-1,Layer3
ATCGCCAGTCAACATT-1,Layer3
ATCGCTGCGTGCAGCA-1,Layer1
ATCGGAGACAGACGGC-1,Layer5
ATCGGCAAGCAGTCCA-1,Layer1
ATCGGTTACCTAGTAA-1,Layer5
ATCGTATTCCGAGAAC-1,Layer5
ATCGTCCAATCGAGTC-1,Layer3
ATCGTTAGCTAGCGGA-1,Layer5
ATCGTTCACTTTCGCC-1,Layer1
ATCTAACGTCCCTATG-1,Layer3
ATCTAATATCCTACGG-1,Layer5
ATCTACCATCTGCTCC-1,Layer6
ATCTAGCTTGTGAGGG-1,Layer6
ATCTCATAAACCTACC-1,Layer3
ATCTCCCACGGAATAT-1,Layer5
ATCTCCCTGCAATCTA-1,Layer1
ATCTCGTGAGCGAAAC-1,Layer3
ATCTGACATGGAAGGA-1,WM
ATCTGATAGTGTCTTA-1,Layer3
ATCTGCACCTCTGCGA-1,Layer2
ATCTGCTGTTATCGCC-1,WM
ATCTGGGCTGTTCTTG-1,Layer6
ATCTGGTTAAGACTGT-1,Layer3
ATCTGTAATTGTACCC-1,Layer2
ATCTTATCGCACACCC-1,Layer5
ATCTTGACCTGCAACG-1,Layer3
ATCTTGACTTGTCCAA-1,Layer1
ATCTTTCGTATAACCA-1,Layer1
ATGAAGCCAAGGAGCC-1,Layer3
ATGAAGTGGACCCAGC-1,Layer5
ATGACGCCGGCTCTAA-1,Layer2
ATGACGCGTTCTATCC-1,Layer6
ATGACTATCAGCTGTG-1,WM
ATGACTATGCGACATT-1,Layer4
ATGAGGAGTGTTAATC-1,Layer3
ATGAGGGCAGCGGCTA-1,Layer3
ATGATCGGGAATAGAC-1,Layer3
ATGATGCAATGGTACA-1,Layer5
ATGCACCTTCCTTAAT-1,Layer4
ATGCACTACCGCATTG-1,Layer3
ATGCATGATCCAGGAT-1,Layer3
ATGCATTCCGTGATGG-1,Layer1
ATGCCAATCGCTCTGC-1,Layer1
ATGCCATTTGCGACCA-1,Layer3
ATGCCGGTCTTGCATA-1,Layer3
ATGCCGGTTGATGGGA-1,Layer1
ATGCGACAATTGGTCC-1,Layer1
ATGCGACAGTCCCATT-1,Layer3
ATGCGAGTCCCACCAC-1,Layer3
ATGCTCAGTGTTGCAT-1,Layer3
ATGCTCTGGCGCGGTA-1,Layer5
ATGCTTAGGAGTTGAT-1,Layer4
ATGGAACAGAATAAAC-1,Layer3
ATGGAGCAGGCCGTGA-1,Layer3
ATGGATCCGGCGTCCG-1,Layer1
ATGGATTGACCAAACG-1,Layer3
ATGGCAGCCGAGAAAC-1,Layer5
ATGGCTGGAAATGGCC-1,Layer1
ATGGGAACGGAAGCGG-1,Layer1
ATGGGACCTGCTGAAC-1,WM
ATGGGCCTCGGCCTCT-1,Layer3
ATGGTATTGGGAACCG-1,WM
ATGGTCGCGTGGTTTC-1,Layer3
ATGGTGCTCAAAGCCA-1,Layer1
ATGGTTACGAAACATG-1,Layer2
ATGTAAGGCTGCTCTT-1,Layer2
ATGTACATGCGGTGAG-1,Layer5
ATGTACGATGACGTCG-1,Layer6
ATGTAGCGCGCGTAGG-1,Layer6
ATGTCATTTCCCATTG-1,Layer3
ATGTGAAAGCCTAATG-1,Layer6
ATGTGCATCCGACGCA-1,Layer3
ATGTGGACATCTTGAT-1,Layer4
ATGTGTAGTTTAGTCA-1,Layer1
ATGTTACGAGCAATAC-1,Layer3
ATGTTCCTGCCCACCT-1,Layer3
ATGTTCGTCGACCCAC-1,Layer5
ATGTTGATTAGAGACT-1,Layer6
ATGTTGTAGTCTGTTT-1,WM
ATGTTTGTAAGATCAT-1,Layer2
ATTAAACATGCGGACC-1,Layer4
ATTAACACCTGAGATA-1,Layer4
ATTAATACTACGCGGG-1,Layer3
ATTAATGAACCAGTCG-1,Layer2
ATTAATTCGGTCACTC-1,Layer1
ATTACAACTACCGGCC-1,Layer1
ATTACATGTCAGTCTT-1,Layer3
ATTACCACACTGCCTG-1,Layer3
ATTACGACTCCACAGT-1,Layer1
ATTACGCGCTGGCAGG-1,Layer5
ATTACTAGCCTCTTGC-1,Layer3
ATTACTTACTGGGCAT-1,Layer1
ATTAGATTCCTCAGCA-1,Layer1
ATTAGATTGATAGCGG-1,Layer3
ATTAGGCGATGCTTTC-1,Layer3
ATTATACTTTGCTCGT-1,Layer1
ATTATAGCTACTTTAC-1,Layer2
ATTATCGGAATGTACG-1,WM
ATTATCTCGACAGATC-1,Layer1
ATTATGCCATAGGGAG-1,Layer3
ATTATGCTCAGTATTG-1,Layer3
ATTATTATGTCCGTCA-1,WM
ATTATTCAGAGTCACT-1,Layer6
ATTCAACCATTTAAGG-1,Layer5
ATTCACTGATGTTGGA-1,Layer5
ATTCAGATGAATCCCT-1,Layer3
ATTCAGGACCTATTTC-1,Layer1
ATTCAGGATCGCCTCT-1,Layer1
ATTCAGTAGCAGGGTC-1,Layer4
ATTCATATACTGTCCA-1,Layer5
ATTCATCGTTGAGGCA-1,Layer5
ATTCCCACATAAACAA-1,Layer3
ATTCCTAAGACGTGGA-1,Layer1
ATTCCTCCGCCAGTGC-1,Layer3
ATTCCTTCCAGGCGGT-1,Layer3
ATTCGACGCCGGGCCT-1,Layer5
ATTCGCAGAGGACACT-1,Layer1
ATTCGCGCCTTGAGAG-1,Layer5
ATTCGTGCTATCTCTT-1,Layer3
ATTCTCGTCTCTTTAG-1,Layer2
ATTCTGAGTATGAACT-1,Layer1
ATTCTTCGTACTTATG-1,Layer1
ATTGAAGATCTTAGTG-1,Layer3
ATTGACCGGCGATGAC-1,Layer1
ATTGACGTAACTCGGT-1,Layer1
ATTGATAGCAACGAGA-1,Layer3
ATTGATGAGTCCTAAC-1,Layer3
ATTGCCTTTATGTTTG-1,Layer6
ATTGCGATCAGTAACT-1,Layer4
ATTGCTGCTCCTCCAT-1,Layer4
ATTGGATTACAGCGTA-1,Layer4
ATTGGGAATATCTTGG-1,Layer2
ATTGGGAGTTCTGTAA-1,Layer2
ATTGGTAGGATCCGCT-1,Layer5
ATTGGTTGTGCATTAC-1,Layer6
ATTGTACAACTCGGCT-1,Layer3
ATTGTCGCAATACCTT-1,Layer1
ATTGTCTGTTTCATGT-1,WM
ATTGTGACTTCGCTGC-1,Layer1
ATTTAACTCGTATTAC-1,Layer2
ATTTACAGTTTACTGG-1,Layer3
ATTTACTAAGTCCATT-1,Layer1
ATTTATACTGGTAAAG-1,WM
ATTTCATTATTTCGCG-1,Layer1
ATTTCCGGGTTCTGCG-1,Layer6
ATTTGCCTAGTTACGA-1,Layer1
ATTTGCGCGAGTAGCT-1,Layer6
ATTTGTCTTGGGAGCT-1,Layer3
ATTTGTTCCAGGGCTC-1,Layer2
CAAACCAGGTCTGCAT-1,Layer6
CAAACCCTCCGGCGGG-1,WM
CAAACGAGTATCGCAG-1,Layer5
CAAACGGTCGCACTTT-1,Layer3
CAAACGTGGTCTTGCG-1,Layer1
CAAACTACGATAGAGA-1,Layer1
CAAACTATTGAGCTTC-1,Layer1
CAAACTCGCGACGCCG-1,Layer3
CAAAGATTATTGGGCC-1,WM
CAAAGGTTAAATTCAG-1,Layer3
CAAAGTCAGGTTAGCT-1,Layer3
CAAATCTCTCACAAGG-1,Layer6
CAAATGCGGAGTGTTC-1,Layer1
CAAATGTCCTTCCGTG-1,Layer5
CAAATTGGATTATGCC-1,Layer1
CAAATTGTCAGCAAGC-1,Layer1
CAACACATCTCCTGCC-1,Layer1
CAACAGAATAACGCTA-1,Layer2
CAACAGTGCCAAACGG-1,Layer1
CAACATGGCCTGATAA-1,Layer3
CAACCAGTGGCCTACC-1,Layer5
CAACCGCACCTAGACA-1,Layer3
CAACCTACCGAGCAGT-1,Layer5
CAACGACCCGTTTACA-1,Layer3
CAACGGTTCTTGATAC-1,Layer3
CAACGTGGTGGAGTCT-1,Layer4
CAACTATATCGAATGC-1,Layer1
CAACTCCAACGTTTAG-1,Layer1
CAACTCCGTAACTTGC-1,Layer1
CAACTCCTTGATCCCG-1,Layer3
CAACTGAGGGTATGAC-1,Layer2
CAACTGCTCATCCGAT-1,Layer6
CAACTTGTAGTGGGCA-1,Layer2
CAAGAAACCCTAAACT-1,Layer3
CAAGAGGGCGGAGTAC-1,Layer4
CAAGATATTATAACGT-1,Layer3
CAAGCAACGTCGGAGT-1,Layer4
CAAGCACCAAATGCCT-1,Layer2
CAAGCGGCACATAATT-1,Layer5
CAAGGATCGCATGTTC-1,Layer3
CAAGGCCAGTGGTGCA-1,Layer5
CAAGGGAGTGTATTTG-1,Layer1
CAAGGTCCTATAGGCT-1,Layer2
CAAGTAAGTGATAGAC-1,WM
CAAGTGAACTTTGGTT-1,Layer1
CAAGTGTGGTTGCAAA-1,Layer3
CAATAAACCTTGGCCC-1,Layer3
CAATACGAGAGTCTGA-1,Layer3
CAATACGCTCTGAGGC-1,Layer5
CAATATGTAGATTTAC-1,Layer2
CAATATTCTTGACCTA-1,Layer6
CAATATTGGACTAGTG-1,Layer3
CAATCCATTATCCGTT-1,Layer2
CAATCCCTATACCAGC-1,Layer1
CAATCCTGCCGTGGAG-1,Layer3
CAATGACCCTTAATTT-1,WM
CAATGAGGTTCGACTA-1,Layer1
CAATGCGAGAAGTATC-1,Layer5
CAATGGAATCTACATA-1,Layer1
CAATGGATCTCTACCA-1,Layer3
CAATGGTCGGCCTGGG-1,Layer1
CAATGTGCCAACCCTT-1,Layer2
CAATTAAGGGTGATGA-1,Layer3
CAATTTCGTATAAGGG-1,Layer3
CAATTTGACCGGGAAG-1,Layer3
CACAAGAAAGATATTA-1,Layer1
CACAATGAGCTGCTAT-1,Layer5
CACACACGCTAACGAG-1,Layer4
CACACAGCTTGCGCTC-1,Layer3
CACACAGGGATAGATT-1,Layer3
CACACGCGCTGTCTTA-1,Layer3
CACACGTTTCAATGGG-1,Layer1
CACACTTGTATTGCGA-1,Layer2
CACAGCACCCACGGCA-1,Layer3
CACAGCTAGGGAGTGA-1,Layer3
CACAGGGCCATATAGT-1,Layer5
CACAGGGCCGTTGTCA-1,Layer6
CACAGTCCCGCTTCGC-1,Layer5
CACAGTTCGCTTCCCA-1,Layer3
CACATAAGGCGACCGT-1,Layer1
CACATATTAGCAGGAT-1,Layer4
CACATCGTGCACGCGC-1,WM
CACATCTCACCGACGA-1,Layer5
CACATGATTCAGCAAC-1,Layer3
CACATGTTTGGACATG-1,Layer3
CACATTCTTTCGATGG-1,Layer1
CACATTTCTTGTCAGA-1,Layer3
CACCACGCCACACAGA-1,Layer6
CACCAGTCAGCATGCA-1,WM
CACCATCGGAGGAGAC-1,Layer1
CACCATGATCGCAAAG-1,Layer1
CACCCAAATCTTATGT-1,Layer3
CACCCACACGTCACCC-1,Layer3
CACCCACGAGGCAATT-1,Layer1
CACCCGGTTTGTGACT-1,Layer6
CACCCTAACAAGATCT-1,Layer5
CACCCTTGGTGAGACC-1,WM
CACCCTTTCCTCGCTC-1,Layer2
CACCGATACACCGAGC-1,Layer1
CACCGCCAGAAGGTTT-1,Layer3
CACCGCCGACCAGCGA-1,Layer1
CACCGCGTCCACTCTA-1,Layer1
CACCGGAGATATCTCC-1,Layer1
CACCGGGCATCACAAG-1,Layer6
CACCGTATCCCATCCG-1,Layer3
CACCGTTAGGGATCAC-1,Layer6
CACCGTTGCGCGATAT-1,Layer6
CACCTAATAGAGTCGT-1,Layer3
CACCTAATCAGTTTAC-1,Layer2
CACCTCGATGGTGGAC-1,Layer2
CACCTCTACGAGTGTG-1,Layer3
CACCTTGCGAAACTCG-1,Layer2
CACCTTGGCGCCTTTG-1,Layer3
CACGAAAGTTAGTCCC-1,Layer4
CACGACCACAGACTTT-1,Layer2
CACGACGTAATAGTAA-1,Layer2
CACGACTAAAGTTCTG-1,Layer1
CACGATTGGTCGTTAA-1,Layer1
CACGCACAGCGCAGCT-1,Layer3
CACGCAGCGAGGCTTT-1,Layer3
CACGCGGAACTGTTGC-1,Layer3
CACGGCGCGCCAAAGG-1,Layer1
CACGGGATTGAGGGTT-1,Layer5
CACGTCAATCAATGGA-1,Layer5
CACGTCGGCAACCTCT-1,Layer6
CACGTCGGGTTCTAGA-1,Layer3
CACGTCTATGATGTGG-1,Layer1
CACGTTCGTGCTCTAG-1,Layer3
CACGTTTCGTACACAC-1,Layer5
CACTAAAGTTGCCTAT-1,Layer3
CACTACGGGAGCTGCC-1,Layer5
CACTACTCAGTTCTGT-1,Layer1
CACTCAAGAGCTATGG-1,Layer4
CACTCAGCTCTTGAGG-1,Layer1
CACTCCTATGTAAGAT-1,Layer6
CACTCCTCTCGGTCGG-1,Layer1
CACTCGAGCTGAACAA-1,Layer4
CACTCGGTTAGGAGGA-1,Layer5
CACTCTCAAGCATCGA-1,WM
CACTCTTCTGCTAGCC-1,Layer5
CACTGACGATTGTGGA-1,WM
CACTGTCCAAGTGAGA-1,Layer3
CACTTAATCAGACGGA-1,Layer3
CACTTCGCCACAGGCT-1,Layer3
CACTTCGTCTTATCTC-1,Layer3
CAGAACTTAGCCCTCT-1,Layer4
CAGAATAACACACGGA-1,Layer4
CAGACACCGATCGCTG-1,Layer5
CAGACCTGTAAGTGTT-1,Layer2
CAGACGAACCTGATAC-1,Layer5
CAGAGACGGTCACCCA-1,Layer5
CAGAGCATGAGCTTGC-1,Layer3
CAGAGGCGATGCATGA-1,Layer6
CAGAGTGATTTAACGT-1,Layer1
CAGATAATGGGCGGGT-1,Layer5
CAGATACTAACATAGT-1,Layer3
CAGATCATTTAAAGTC-1,Layer1
CAGATCCTGGTTTGAA-1,WM
CAGCAGCCCGTTCCTT-1,Layer3
CAGCAGTCCAGACTAT-1,Layer3
CAGCAGTCTGTGCTGC-1,Layer6
CAGCCCTCACAGGCAG-1,Layer1
CAGCCGGGCCCTCTAT-1,Layer1
CAGCCTCCTGCAGAGG-1,Layer2
CAGCCTCTCCTCAAGA-1,Layer1
CAGCGATTCCCTTCAA-1,Layer6
CAGCGCCAACACGATA-1,Layer5
CAGCTCACTGAGACAT-1,Layer3
CAGCTCGACAAGTTAA-1,Layer2
CAGCTCGTGCTTGTGT-1,Layer3
CAGCTGGCGTAACCGT-1,Layer6
CAGCTTAGTAGGTAGC-1,Layer4
CAGGAAGACTTTATAT-1,Layer1
CAGGATATATCGTTGT-1,Layer4
CAGGATCCGCCCGACC-1,Layer1
CAGGCAGTCTTACCAG-1,Layer6
CAGGCCGTTTGGGTGT-1,Layer4
CAGGCGCACGGTGGTC-1,WM
CAGGCGCCATGCTAGG-1,Layer4
CAGGTTTAGTACTACA-1,Layer1
CAGTAACTATTTATTG-1,Layer1
CAGTAATCCCTCCCAG-1,Layer3
CAGTACATTCTCTAAA-1,Layer1
CAGTACCAGTTTACGT-1,Layer6
CAGTAGATGATGTCCG-1,Layer3
CAGTAGCCCACGCGGT-1,Layer2
CAGTAGCGAGGTAGTA-1,Layer2
CAGTCCAACGCCTTCT-1,Layer2
CAGTCGAGGATGCAAT-1,Layer1
CAGTCGGCCTAGATAT-1,Layer6
CAGTCTCTCGGCTAAT-1,Layer2
CAGTCTGTATACTGGG-1,Layer4
CAGTGAATAAATGACT-1,Layer2
CAGTGGTTGCACATGA-1,Layer3
CAGTGTCCGCAGAATG-1,Layer3
CAGTGTCGGCTGGCCC-1,Layer4
CAGTTCAAATTGACAC-1,Layer3
CAGTTCCGCGGGTCGA-1,Layer3
CAGTTCGAGGACCCGA-1,WM
CATAACGGACAGTCGT-1,Layer3
CATAAGAAGCTTGGCT-1,Layer5
CATAAGCTCTCCGTCT-1,Layer6
CATAATGAGCGGGCGA-1,Layer1
CATACAAAGCCGAACC-1,Layer3
CATACACGGTTCCCAC-1,Layer6
CATACCCGTACCCAGT-1,Layer5
CATACGAACTAGCTGG-1,WM
CATACGGCGTCTGGGC-1,Layer3
CATACGGGTGCATGAT-1,Layer3
CATACTATGTAATTGT-1,Layer4
CATACTTAGGCAATAC-1,Layer3
CATACTTCTTTCTCCG-1,WM
CATAGAGGAGATACTA-1,Layer6
CATAGCCGCCCGGGAT-1,Layer4
CATAGCGTTGCCCACC-1,Layer6
CATAGTACATTGAGAG-1,Layer1
CATAGTAGCATAGTAG-1,Layer3
CATAGTCAAATACATA-1,Layer5
CATAGTCCACAAGAAC-1,Layer5
CATATACTACTGATAA-1,Layer1
CATATAGGTACAGTCA-1,Layer5
CATATGTCAGGCTACG-1,Layer6
CATATTATTTGCCCTA-1,Layer1
CATCAAACTGGCGCCC-1,Layer1
CATCAACACCTACTAA-1,Layer3
CATCATCTACCCGGAC-1,Layer1
CATCATTACCCTGAGG-1,Layer4
CATCCCGAGATTCATA-1,Layer5
CATCCGCAGGCCCGAA-1,Layer3
CATCCTCTCAAAGATC-1,Layer4
CATCGAATGGATCTCT-1,Layer2
CATCGCCCGCGGCCAA-1,Layer3
CATCGGACGGGTTAAT-1,Layer4
CATCGTCCGGTTACTA-1,Layer4
CATCTACCCGAGAACG-1,Layer2
CATCTATCCCGTGTCT-1,Layer1
CATCTGCAGGATCATT-1,Layer5
CATCTTACACCACCTC-1,Layer3
CATGAACCGACATTTG-1,Layer3
CATGAACCTCTTATCA-1,Layer1
CATGACTTCGCTGAAT-1,Layer3
CATGAGATGCACTCTC-1,Layer5
CATGATACGGTGAAAC-1,WM
CATGATCGCTTTGAGA-1,Layer5
CATGATGCACAATTCT-1,Layer3
CATGATGGAAGTTAGC-1,Layer3
CATGCACGTGTTACTG-1,Layer1
CATGCATGGAGACCCT-1,Layer1
CATGCCAACTCGCAAA-1,Layer6
CATGCGACCAGTTTAA-1,Layer1
CATGCGTTAGACAGAA-1,Layer2
CATGCTGGCTCCAATT-1,Layer1
CATGGAAATGGGACCA-1,Layer1
CATGGATTGTCTTCCG-1,Layer4
CATGGCAGGAAGATCG-1,Layer3
CATGGCTCCCTATGTC-1,Layer5
CATGGGTATGCCTTAT-1,Layer5
CATGGGTCGGGTGTGG-1,Layer1
CATGGTAAGTAGCGTT-1,Layer4
CATGGTCTAGATACCG-1,Layer3
CATGGTTTATTAATCA-1,Layer6
CATGTAAGAGACATTT-1,Layer4
CATGTAGGAGCGCCAA-1,Layer1
CATGTCTCATTTATGG-1,Layer4
CATGTGGGCTCATCAC-1,Layer6
CATTACATAGATTGTG-1,Layer1
CATTACGCAGGAAGGG-1,Layer6
CATTACGTCGGCCCGT-1,Layer2
CATTATAACAGGGTCC-1,Layer1
CATTATCCCATTAACG-1,WM
CATTATGCTTGTTGTG-1,Layer3
CATTCACTGACAGCTA-1,Layer1
CATTCAGGTCAGTGCG-1,Layer2
CATTCCCATTCCGTCG-1,Layer1
CATTCCCTAAGTACAA-1,Layer3
CATTGATGAACACGCC-1,Layer1
CATTGCAAAGCATAAT-1,Layer1
CATTGCGAAATGGGCG-1,Layer5
CATTGCGGGTCAATTC-1,Layer1
CATTGTGTGCTAGATC-1,Layer3
CATTTAGCGGACCATG-1,Layer2
CATTTATCGTTCAAGA-1,Layer1
CATTTCTAGCAGACTA-1,Layer3
CATTTGAGTGGTACGT-1,Layer5
CCAAACAGAACCCTCG-1,Layer3
CCAAAGCAGTTGGTTG-1,Layer3
CCAAAGTCCCGCTAAC-1,Layer1
CCAAATAACAAGATTC-1,Layer3
CCAACCTTATGTAACT-1,WM
CCAACGATGCACTGAT-1,Layer4
CCAACGCTTGCCAGGG-1,Layer1
CCAAGAAAGTGGGCGA-1,Layer5
CCAAGACTTCTGCGAA-1,Layer3
CCAAGCGTAACTCGTA-1,Layer3
CCAAGCTTGATCTCCT-1,Layer1
CCAAGGAACAGAGAGG-1,Layer3
CCAAGGTTGCCCTTTC-1,Layer6
CCAAGTTTCTACAGAT-1,Layer3
CCAATAGATTTCATCT-1,Layer5
CCAATAGTGCCGTCGA-1,Layer4
CCAATCGGTAGATCGA-1,Layer1
CCAATGTCACAGCAAG-1,Layer4
CCAATTACGGGTCGAG-1,Layer1
CCAATTGAATGTTAAT-1,Layer3
CCACAATGTACGTCTT-1,Layer3
CCACACTGAGATATTA-1,Layer4
CCACAGCTGAAATCAT-1,Layer3
CCACAGTACCCATCCT-1,Layer3
CCACATACTGCACCCA-1,Layer3
CCACCAACTTTACTGT-1,Layer6
CCACCCAAGGAAAGTG-1,Layer3
CCACGAATTTAACCTC-1,Layer3
CCACGAGAAGAGAATC-1,Layer1
CCACGGAGCCATAAGA-1,Layer6
CCACGGTGCCCGGTAG-1,Layer3
CCACTAAACTGAATCG-1,Layer2
CCACTATCCGGGTCAC-1,Layer1
CCACTCAGATCCGCAA-1,Layer6
CCACTGGTGGCTGGTT-1,Layer5
CCACTGTTTGGATTAA-1,Layer4
CCAGAAACTGATGCGA-1,Layer5
CCAGAAAGCAACTCAT-1,Layer6
CCAGAGACAAAGCCGG-1,Layer3
CCAGATAGTTGAGTGA-1,Layer3
CCAGATGTAAATGGGT-1,Layer1
CCAGCCTGGACCAATA-1,Layer3
CCAGCTACGCCTCATA-1,Layer3
CCAGCTCGAACGCATT-1,Layer6
CCAGCTGATGGTACTT-1,Layer5
CCAGCTTCCGCCCGCA-1,Layer4
CCAGGGACGTGGCCTC-1,Layer3
CCAGTAGTCTGATCCA-1,Layer2
CCAGTCAAATCTCTTA-1,Layer6
CCAGTCCATTATTCGA-1,Layer3
CCAGTCTAGACGGCGC-1,Layer2
CCAGTCTTGTCATAGA-1,Layer6
CCAGTTCGGTAACTCA-1,Layer6
CCATAAACAACCCGAC-1,Layer1
CCATACCTTTACTTGT-1,Layer2
CCATACTCGCCTCTCC-1,Layer5
CCATAGGTTGGCGTGG-1,Layer2
CCATAGTCAGTAACCC-1,Layer3
CCATATGGAAACTATA-1,Layer4
CCATATTGGATCATGA-1,Layer3
CCATCATAAGAACAGG-1,Layer3
CCATCCATACCAAGTC-1,Layer3
CCATCGCAGTTAAACT-1,Layer5
CCATCTCACCAGTGAA-1,Layer3
CCATCTTGTTCACAAT-1,Layer2
CCATGCCCTAGATTTC-1,Layer4
CCATGCCTGTTTAGTA-1,Layer3
CCATGCTCTGCAGGAA-1,Layer3
CCATGGCCCTTGTACC-1,Layer5
CCATTAGCGATAATCC-1,Layer3
CCATTCCCTGCCCACA-1,Layer4
CCATTTCTACCTATTA-1,Layer5
CCCAAACATGCTGCTC-1,Layer3
CCCAACATACGTCGCG-1,Layer5
CCCAACCACACTAACA-1,Layer1
CCCAAGAATGCACGGT-1,Layer1
CCCAAGACAGAGTATG-1,Layer1
CCCAAGTCATTACACT-1,Layer6
CCCAATGAGATTTGCA-1,WM
CCCAATTTCACAACTT-1,Layer5
CCCAGAGGAGGGCGTA-1,Layer1
CCCAGGAAGAATTCGA-1,WM
CCCAGGTCTGAAGGCT-1,Layer3
CCCAGTAAACTTGGGA-1,WM
CCCAGTTAAGGCGCCG-1,Layer3
CCCATATAGGTCGATT-1,Layer5
CCCGAAGTTTCGCGAA-1,Layer6
CCCGACCATAGTCCGC-1,Layer2
CCCGAGTTTCTCCGTA-1,Layer3
CCCGCAGCGCGAACTA-1,Layer5
CCCGCAGGGCCCAAAG-1,Layer1
CCCGCCATGCTCCCGT-1,Layer3
CCCGCGCAATGCACCC-1,Layer3
CCCGCTAGAGGGTTAA-1,Layer1
CCCGCTTGCCCTCGTC-1,Layer1
CCCGGGTCGTTCAGGG-1,WM
CCCGGTGGAAGAACCT-1,Layer4
CCCGGTGTATCGGAAT-1,WM
CCCGTAAGTCTAGGCC-1,Layer5
CCCGTAGCTGGGAAGA-1,Layer6
CCCGTCAGCGTCTGAC-1,Layer3
CCCGTGAGGGCGGTGA-1,Layer6
CCCGTTTCGCAGATGT-1,Layer3
CCCTACCCACACCCAG-1,Layer6
CCCTACTTGAACAATG-1,Layer6
CCCTAGTGTCAGGTGT-1,Layer3
CCCTATGTAGAGCAGA-1,WM
CCCTCAAGCTCTTAGT-1,Layer4
CCCTCATTCTGGAATT-1,Layer3
CCCTCCTCGCTCGTAT-1,Layer3
CCCTCGATAATACACA-1,WM
CCCTCGGGAGCCTTGT-1,Layer1
CCCTGAAATGAGTTGA-1,Layer3
CCCTGACTAACAAATT-1,Layer5
CCCTGATGTAACTCGT-1,Layer3
CCCTGCCCAATCCGCT-1,Layer5
CCCTGCGCTACGCATA-1,Layer5
CCCTGGTATGGGCGGC-1,Layer1
CCCTGTTGGCAAAGAC-1,Layer3
CCCTTCTCGTACGCGA-1,Layer1
CCCTTTAATGGAGTTC-1,Layer5
CCCTTTGACAGGTCTT-1,Layer5
CCGAAAGTGGTGAGCA-1,Layer3
CCGAACACTGGGCCTC-1,Layer6
CCGAACCTTCCCGGCC-1,Layer5
CCGAAGTATATTGTTC-1,Layer3
CCGACAAACACATGAG-1,Layer3
CCGACAAAGGGAGTGC-1,Layer5
CCGACAATAGGCCGCC-1,Layer4
CCGACGGGCATGAGGT-1,WM
CCGACGTAAACACAAC-1,Layer1
CCGACTCGCATAGTCT-1,Layer1
CCGAGAAGTCGCATAA-1,Layer3
CCGAGCTGTGCTTGTC-1,Layer1
CCGAGGGATGTTAGGC-1,Layer1
CCGATCTCAACCTTAT-1,Layer3
CCGATCTTAAGAGGCT-1,Layer2
CCGATTCGAGGGACCC-1,Layer5
CCGATTGGTCAATGAA-1,Layer2
CCGCACAAAGACCAAC-1,Layer3
CCGCACGTGACCTCGG-1,Layer4
CCGCACTTGCAATGAC-1,Layer6
CCGCATGTGGTACGAT-1,Layer5
CCGCCACCACAATCCA-1,Layer1
CCGCCGGTCAACACAC-1,Layer2
CCGCCGTTGAGGATAA-1,Layer3
CCGCCTGCGAATTGGT-1,Layer1
CCGCCTTGCGATGTCG-1,Layer6
CCGCGATTTGGTAGGT-1,Layer5
CCGCGGAATGCGTCAC-1,Layer5
CCGCGGGTACGAAGAA-1,Layer4
CCGCGTAGGTAAGGGC-1,Layer4
CCGCTATCAGCACCAG-1,Layer4
CCGCTCCAGGGCGATC-1,WM
CCGCTCTTCCGAACTA-1,Layer5
CCGCTGGTGCCATTCA-1,Layer1
CCGCTTACCTCACTCT-1,Layer5
CCGCTTCGCGGTTAAC-1,Layer1
CCGCTTGCTGACATGG-1,Layer1
CCGGAATGGTTTCAGT-1,Layer3
CCGGAGCGTACTTTCT-1,Layer6
CCGGAGGTCTTATGGT-1,Layer1
CCGGCACGACCGTTTC-1,Layer2
CCGGCGCATATTGGAT-1,Layer2
CCGGCGTGAGACTCTG-1,Layer6
CCGGGACCCGCAGAGA-1,Layer3
CCGGGCGGTCTCGTCA-1,Layer3
CCGGGCTGCTCCATAC-1,Layer3
CCGGGTTCGAGGTTAC-1,Layer5
CCGGTAATGGCTAGTC-1,Layer3
CCGGTTTGTAATTGTG-1,Layer6
CCGTAAGTTGGTCCCA-1,Layer3
CCGTACCCAAGCGCCA-1,Layer3
CCGTAGGAAATCCCTG-1,Layer5
CCGTAGGGTTGTTTAC-1,Layer5
CCGTATCTCGTCGTAG-1,WM
CCGTATTAGCGCAGTT-1,Layer1
CCGTGAGGCATTCATG-1,Layer2
CCGTGCCCATGACGGC-1,Layer2
CCGTGGAACGATCCAA-1,Layer1
CCGTGTTAAATTCCAT-1,Layer5
CCGTTACGTTAGAACA-1,Layer1
CCGTTCCGAATCTCGG-1,Layer5
CCTAAACAGGGTCCGT-1,Layer1
CCTAAAGGCTGACGCT-1,Layer1
CCTAAATTAACGGTTC-1,Layer4
CCTAAATTGTATCCTA-1,Layer3
CCTAACCCAAACAAGT-1,Layer4
CCTAACTAAGGCTCTA-1,Layer1
CCTAAGTGTCTAACCG-1,Layer1
CCTACAAGTCCGGAAT-1,Layer1
CCTACAGTTGAGGGAG-1,WM
CCTACATTCACAGACG-1,Layer6
CCTACGCGACCTTACA-1,Layer1
CCTACGGCTCAGTCGA-1,Layer3
CCTACTCAACACGATT-1,Layer5
CCTACTGCGGCGGCCA-1,Layer1
CCTACTGCTTACACTT-1,Layer3
CCTAGGCGTAGCGATC-1,Layer3
CCTAGGTAAAGGTAGC-1,WM
CCTAGTTAGTCGCATG-1,Layer1
CCTATAATGAGTGCCC-1,Layer5
CCTATACCGTCCTGTC-1,Layer6
CCTATATTTGTCCTGG-1,Layer6
CCTATCTATATCGGAA-1,Layer1
CCTATGAAGTGGTGCC-1,Layer3
CCTATGGCTCCTAGTG-1,WM
CCTATGGGTTACCGTC-1,Layer3
CCTATGGTCAAAGCTG-1,Layer6
CCTATGTCCACTCCAC-1,Layer5
CCTCACCAATCTTGAC-1,Layer3
CCTCACCTGAGGGAGC-1,Layer1
CCTCACCTTAGCATCG-1,Layer2
CCTCATGCAGCTACGA-1,Layer3
CCTCCCGACAATCCCT-1,Layer1
CCTCCGACAATTCAAG-1,Layer4
CCTCCTGAGCCCACAT-1,Layer5
CCTCCTGTTGTGTCGT-1,Layer5
CCTCGAAGTGGACGGG-1,Layer1
CCTCGACCCACTGCCT-1,Layer1
CCTCGCCAGCAAATTA-1,Layer2
CCTCGCGCGATATAGG-1,Layer1
CCTCGCGCTGTGCGAT-1,Layer6
CCTCGGACCGGGATAG-1,Layer3
CCTCGGATGCTACCTG-1,Layer5
CCTCGGTTTCCTTGCC-1,WM
CCTCGTTACGCCTGTT-1,Layer2
CCTCTAATCTGCCAAG-1,Layer3
CCTCTATCGATTAGCA-1,Layer6
CCTCTCTCCCATCTAG-1,Layer4
CCTCTGGCCTAGACGG-1,Layer1
CCTCTGTACTATTCTA-1,Layer5
CCTGAACGATATATTC-1,Layer3
CCTGAATATTTACATA-1,Layer3
CCTGACAAACTCGCGC-1,Layer4
CCTGACCACCGATGGT-1,Layer4
CCTGACGCAACCTTTA-1,Layer1
CCTGAGAATAAATGCA-1,WM
CCTGCCCGTTGTCTAG-1,Layer5
CCTGCGATAGAACTGT-1,Layer3
CCTGCGTTCTACGCTT-1,Layer5
CCTGCTATTTGAGAAG-1,Layer3
CCTGGAAACGTTCTGC-1,Layer3
CCTGGCTAGACCCGCC-1,Layer3
CCTGGTCGAATGTGGG-1,Layer6
CCTGTAAGACATGATA-1,Layer4
CCTGTACTCACGCCCA-1,Layer5
CCTGTCACCCGGGCTC-1,Layer3
CCTGTCCCTCACGTTA-1,Layer2
CCTGTCGCCCGTAAAT-1,Layer3
CCTGTGAAACCGTAAC-1,Layer5
CCTGTGCATAGGAGAC-1,Layer2
CCTGTGCGGATTGTAA-1,Layer2
CCTGTTCAACCTCGGG-1,WM
CCTGTTTGAAGACACG-1,Layer5
CCTTAAGTACGCAATT-1,Layer6
CCTTCAGTTAAAGTGA-1,WM
CCTTCGTATAGAATCC-1,WM
CCTTCTCAGCGTTCCT-1,Layer6
CCTTCTTGATCCAGTG-1,Layer2
CCTTGACCACTTTATT-1,Layer4
CCTTTAAGGGAGCACT-1,Layer6
CCTTTCAATGAAGAAA-1,Layer1
CGAAACATAGATGGCA-1,Layer1
CGAAACGCAATTCATG-1,Layer5
CGAACAGTATGGGCGT-1,Layer4
CGAACATAGTCAGAAA-1,Layer2
CGAACCCGCATGCGTC-1,Layer5
CGAACGCCCAGTGCCG-1,Layer1
CGAACGGCCGGACAAC-1,Layer6
CGAAGACGGTGAGTGC-1,Layer5
CGAAGACTGCCCGGGA-1,Layer1
CGAAGATCAGTTTCAT-1,WM
CGAAGCTATAAATTCA-1,Layer1
CGAAGTTGCTCTGTGT-1,Layer4
CGAATCTGCTCGACGC-1,WM
CGAATGACGCATAATG-1,Layer6
CGAATTACATGGTGTT-1,Layer2
CGACAATTTGATCTAA-1,Layer3
CGACACCGCTTAAGGA-1,Layer2
CGACACGCTCCGACAG-1,Layer3
CGACACGGATGCCCAC-1,Layer3
CGACAGTTCGCGTTAT-1,Layer4
CGACATGCGATCTTCT-1,Layer1
CGACCCTTAACGCCGG-1,Layer6
CGACGCATCCGTACCT-1,WM
CGACTCAGGATGTTAT-1,Layer1
CGACTCGGTACACGGT-1,Layer2
CGACTTTGTATAGCCT-1,Layer2
CGAGACCCTAGAGTGT-1,Layer4
CGAGACTACTGCTGCT-1,Layer6
CGAGAGATGTGAACCT-1,Layer3
CGAGAGCGCGTAGATA-1,Layer6
CGAGAGCTTTCACTAC-1,Layer5
CGAGAGGGTAGCCGCG-1,Layer4
CGAGATGTTGCCTATA-1,Layer1
CGAGATTTCGCTCGGG-1,Layer3
CGAGCACTTCAAGTTT-1,Layer3
CGAGCCGAGCACTCGA-1,Layer3
CGAGCGTTGATCAGCC-1,Layer3
CGAGCTGGGCTTTAGG-1,Layer2
CGAGGAGCTTCCATAT-1,Layer1
CGAGGATCGGGAACGA-1,Layer1
CGAGGCCAGGCATTGG-1,Layer3
CGAGGCTAAATATGGC-1,Layer3
CGAGGGACTGCGGTCG-1,Layer3
CGAGGGTATCCAGGTG-1,Layer6
CGAGTACTAAAGAGGA-1,Layer5
CGAGTGAAGGTACCAG-1,WM
CGAGTGCTATAGTTCG-1,Layer3
CGAGTTCTGTCCCACC-1,Layer2
CGAGTTTATCGGACTG-1,Layer3
CGATAACCAATTTGAG-1,Layer3
CGATAATACTCAGGTT-1,Layer3
CGATACCTCGCGGACA-1,Layer4
CGATAGTCGTACTGCA-1,Layer6
CGATATTAGCCGCAGG-1,Layer2
CGATCATTAGAGGCAC-1,Layer1
CGATCCACCATTGTTG-1,WM
CGATCCGACCCAGTGC-1,Layer4
CGATCCTCGCAACATA-1,WM
CGATCGAGAAGCACCA-1,WM
CGATCTGTTGGAGGAC-1,Layer6
CGATGGACCCTACGCC-1,Layer1
CGATTAAATATCTCCT-1,Layer5
CGATTCGCCTGGCTGC-1,Layer5
CGCAAACACGAGTTAC-1,Layer3
CGCAATCGATCATTAG-1,Layer5
CGCAATTACTTTCGGT-1,Layer3
CGCAATTAGGGTAATA-1,Layer3
CGCAATTCTACAATAA-1,Layer3
CGCACATGTCCACTAC-1,Layer3
CGCACGTCTGTTTATG-1,WM
CGCACGTGCGCTATCA-1,Layer3
CGCAGAAACATTTGCG-1,Layer1
CGCAGATCTTCACCCG-1,Layer1
CGCAGGCGATCCAAAC-1,Layer4
CGCATCATGGCTTCAG-1,Layer1
CGCATCCATCAGCCAG-1,Layer1
CGCATGCCGAATGCGT-1,Layer6
CGCATGGTGCGATGCT-1,Layer3
CGCATTAGCTAATAGG-1,Layer3
CGCCAAGAAGCCGAGT-1,Layer5
CGCCACAGGTCGCGAT-1,WM
CGCCACCCGCATTAAC-1,Layer3
CGCCATCCGATTATGA-1,Layer2
CGCCCAGCACGCCTAG-1,Layer6
CGCCCAGCGTTTCACG-1,Layer5
CGCCCGCTTCCGTACA-1,Layer1
CGCCCTTACATCCACC-1,Layer2
CGCCCTTGAAGGCTGA-1,Layer3
CGCCGACTATTCGCTA-1,Layer5
CGCCGCCCATGCCTGT-1,Layer3
CGCCGCGTTCTGAACG-1,WM
CGCCGGTGTCGCAGTA-1,Layer3
CGCCGTTCAGCATAGT-1,Layer5
CGCCTCCCTCCTCTAT-1,Layer4
CGCCTGGCCTACGTAA-1,Layer5
CGCCTTTAGCATGCTC-1,Layer3
CGCGAAGTGGCATACT-1,Layer5
CGCGACACTGCGCAGC-1,Layer4
CGCGACCGCGACAGAT-1,Layer5
CGCGAGAGGGACTTGT-1,Layer1
CGCGAGTCTGCCGGGT-1,WM
CGCGCAAATGTCCAGA-1,WM
CGCGCAAGGAACTACA-1,Layer2
CGCGCATGTTTGATTG-1,Layer5
CGCGCCCGACTTAATA-1,Layer2
CGCGGCAGTATTACGG-1,Layer3
CGCGGCTCAACTTGAA-1,Layer3
CGCGGGAATTAGGCAG-1,Layer3
CGCGGGAATTCCTTTC-1,Layer6
CGCGGTAAGTCTAGCT-1,Layer1
CGCGGTACGGTATACA-1,Layer5
CGCGGTCACAAACCAA-1,Layer1
CGCGTACATTCTGGAA-1,Layer3
CGCGTCATATTAAACC-1,Layer1
CGCGTGCTATCAACGA-1,Layer1
CGCGTTCATGAAATAC-1,Layer3
CGCTACCGCCCTATGA-1,Layer1
CGCTACGGGACATTTA-1,Layer4
CGCTAGAGACCGCTGC-1,Layer3
CGCTATACCGCCCACT-1,Layer3
CGCTATCGTGGCTTTA-1,Layer3
CGCTATTCAATGTATG-1,Layer3
CGCTATTCTTAGGCTC-1,Layer3
CGCTCGACATAATGAT-1,Layer3
CGCTCTCCGTAGATTA-1,Layer4
CGCTGAGGACGTCCAA-1,Layer1
CGCTGGTGACTACCCT-1,Layer3
CGCTGTGACGCCGCAC-1,Layer3
CGCTGTGTGGATGTTG-1,WM
CGCTTAGTATTGATAC-1,WM
CGCTTATTCCCGGTCG-1,Layer5
CGCTTCCACTGAAATC-1,Layer3
CGCTTCGGTCTAAGAC-1,Layer5
CGCTTGGACGGATAGA-1,Layer5
CGCTTTCATACCGGTG-1,Layer3
CGCTTTCCGCCAAGGT-1,Layer6
CGCTTTCTTGCATTCG-1,Layer3
CGGAAAGAATCAAACG-1,Layer6
CGGAAAGCAAATGTGC-1,Layer3
CGGAAATTTCACATCC-1,Layer1
CGGAACGTAAACATAG-1,Layer5
CGGACCTTTACGTCCC-1,WM
CGGACGTTACTTGAAG-1,Layer6
CGGAGCAATTTAATCG-1,Layer5
CGGAGCATGGCGATCC-1,Layer3
CGGAGCTTATAACACC-1,Layer1
CGGAGTCCTAACCTGG-1,Layer3
CGGAGTTTGAGAGACA-1,Layer4
CGGATAAGCGGACATG-1,Layer3
CGGATCCTCAAGGACT-1,Layer5
CGGCAAACATCGTGCG-1,Layer5
CGGCAATAAGATCGCC-1,Layer4
CGGCACCGTTAGCGCC-1,Layer1
CGGCACTCAAGAAAGT-1,Layer3
CGGCAGGGTCGGGTTG-1,Layer3
CGGCCACGCACAAAGT-1,Layer3
CGGCCAGAGCGACCAT-1,WM
CGGCCCAACCTGTAGT-1,Layer1
CGGCCCAGGTATATCC-1,Layer3
CGGCGCCATCAATCCC-1,Layer5
CGGCTCTAAAGCTGCA-1,Layer3
CGGCTCTTCGTCGAAC-1,Layer1
CGGCTGAAGGTTACGC-1,Layer3
CGGCTGCAAGATTAAG-1,Layer1
CGGCTTTGTATGATAA-1,Layer1
CGGGAATATAGTATAC-1,Layer3
CGGGAATTTATGTAAA-1,Layer4
CGGGAGCTTCAGTGTA-1,Layer4
CGGGAGTATACCGCCG-1,Layer3
CGGGATCAATGTAAGA-1,Layer3
CGGGCAGCTAAACCGC-1,Layer3
CGGGCCATAGCCGCAC-1,Layer3
CGGGCCTTCTTTGTAA-1,Layer4
CGGGCGATGGATCACG-1,Layer6
CGGGCTACTTAAATTG-1,Layer3
CGGGTGTACCCATTTA-1,Layer3
CGGGTTCGGCACGTAT-1,Layer2
CGGGTTGTAGCTTTGG-1,Layer2
CGGGTTTGTTAGGGCT-1,Layer4
CGGTACTAGAATCAAA-1,Layer3
CGGTAGAGGTGCAGGT-1,Layer1
CGGTATAGGTATTAGC-1,Layer1
CGGTATGGGCACTCTG-1,WM
CGGTCAAGTGGGAACC-1,Layer3
CGGTCCATGAGACTCC-1,Layer1
CGGTCCGTCGCAAGCC-1,WM
CGGTCTATCAACCCGT-1,Layer1
CGGTGAAGACTAAAGT-1,Layer5
CGGTGCAGATAGAACG-1,Layer5
CGGTGCGCGTTGGTCC-1,Layer5
CGGTGGGCTCCAGCCT-1,Layer1
CGGTGTACTTGATCCC-1,Layer3
CGGTTATCCAACAGTG-1,Layer2
CGGTTCAAGTAGGTGT-1,Layer1
CGGTTCCGGCTTCTTG-1,Layer3
CGGTTGACCTGGCATA-1,Layer5
CGGTTGAGTATCCTTC-1,WM
CGGTTGGGCAGGGTCC-1,WM
CGGTTGGGTTCAAGTT-1,Layer1
CGGTTTATGAAGGAAC-1,Layer1
CGTAAACGCTTGAGTG-1,Layer3
CGTAACGGAACGATCA-1,Layer3
CGTAACTTCGACACTT-1,WM
CGTAATAATTACGAGT-1,Layer3
CGTACCGAAAGTCTAG-1,Layer3
CGTACCTGATAGGCCT-1,Layer3
CGTAGAGAGTAATTAT-1,Layer6
CGTAGCGAATTGTCAG-1,Layer1
CGTAGCGCCGACGTTG-1,Layer1
CGTATTAAGAGATCTA-1,Layer3
CGTCAAATGGTCGCAG-1,Layer1
CGTCAAGGCTATAAAT-1,Layer5
CGTCAATCTTTAACAT-1,Layer3
CGTCACGTCCATTGGT-1,Layer5
CGTCAGCTATTTACTC-1,Layer3
CGTCAGTGCGCACAAG-1,Layer2
CGTCAGTTTATCGTCT-1,Layer1
CGTCATACCATATCCA-1,Layer3
CGTCCAGATGGCTCCA-1,Layer3
CGTCGCATGTGAGCCA-1,Layer6
CGTCGCGGCGGGATTT-1,Layer3
CGTCGCTTGGTTATAC-1,WM
CGTCGGATAGTGTTGA-1,Layer3
CGTCGGGTCTAAGCGC-1,WM
CGTCGTCCTTCGCGAA-1,Layer5
CGTCTCTCGCCGAGGC-1,Layer3
CGTCTGGAAGGGCCCG-1,Layer2
CGTCTTGAGTGTGACG-1,
CGTGAAGTTAATTCAC-1,Layer4
CGTGACATTGGGTCGT-1,Layer1
CGTGACCAGTCCTCTG-1,Layer6
CGTGCACACCACTGTA-1,Layer6
CGTGCAGACTGGGACA-1,Layer3
CGTGCATTGTCGACGC-1,Layer5
CGTGCCCGACATTTGT-1,Layer1
CGTGCCCTCCCGAAGA-1,Layer3
CGTGCTGGCCTAGTCG-1,Layer3
CGTGCTTCTACCTAAA-1,WM
CGTGGCCGAATATCTA-1,Layer3
CGTGGTACCCAAAGGC-1,WM
CGTGTATGGGAGCTGA-1,Layer5
CGTGTCCCATTCGCGA-1,Layer3
CGTGTCTCGTTACGAC-1,WM
CGTGTGTTAAACCCTG-1,Layer1
CGTTAAACTAGTTAGG-1,Layer3
CGTTAATGTCCCGACG-1,Layer5
CGTTAGCTCACAACTG-1,Layer1
CGTTCAAGGAAACGGA-1,WM
CGTTCAGACCCGCGAA-1,Layer6
CGTTCATGGTGCGCGT-1,Layer6
CGTTCTTCGCACACCT-1,Layer1
CGTTGAATACCGCGCT-1,Layer5
CGTTGAGCGACCGTCG-1,Layer4
CGTTGAGTAATTGCGT-1,Layer1
CGTTGCCCGCGTGGGA-1,WM
CGTTGTAAACGTCAGG-1,Layer3
CGTTGTAAGATTGATT-1,Layer1
CGTTGTCGGCAATTGA-1,Layer6
CGTTGTTTCAATTCCC-1,Layer4
CGTTTAAGCGGAGCAC-1,Layer1
CGTTTACAAGGCAGCT-1,Layer1
CGTTTCACTTCGGGCG-1,Layer1
CGTTTCGCTCATTACA-1,Layer4
CGTTTGTGTAGAGGGT-1,Layer6
CTAAACGGGTGTAATC-1,Layer1
CTAAAGAATGCCTACT-1,Layer4
CTAAAGGGAAATAGGA-1,Layer4
CTAAAGTCCGAAGCTA-1,Layer2
CTAAATCCGGTGTACA-1,WM
CTAAATCCTATTCCGG-1,Layer2
CTAACCGCGCGCCCGT-1,Layer5
CTAACGAAACTTGCTG-1,Layer2
CTAACTGATAATCGCC-1,Layer5
CTAACTGGTCCGGTTC-1,Layer6
CTAAGGGAATGATTGG-1,Layer4
CTAAGTACAGGGCTAC-1,Layer1
CTAATTATGAAGCGTA-1,Layer2
CTAATTCGCACGCGCT-1,Layer3
CTAATTCTCAGATATT-1,Layer1
CTAATTTCAACAACAC-1,Layer3
CTACAAGAAATAACCC-1,WM
CTACACTAGCTTGTTC-1,Layer1
CTACACTCGCAGATGG-1,Layer4
CTACCCTAAGGTCATA-1,Layer3
CTACGAACTAGGTCGA-1,Layer1
CTACGACTAGCTATAA-1,Layer5
CTACGCACGGAGTACC-1,Layer3
CTACGCCATTTCCGAT-1,Layer1
CTACGTGTTGCCACCA-1,Layer2
CTACTATCATAGGTTT-1,WM
CTACTATCTTTCAGAG-1,Layer2
CTACTCAAGGTATAGT-1,WM
CTACTCTAGGCCCGGC-1,Layer4
CTACTGCCACCTGACC-1,Layer3
CTAGACATATATGTAG-1,Layer2
CTAGACTGCATTTCGT-1,Layer1
CTAGATAAACTCCTCG-1,Layer3
CTAGATGTGAGTGTAA-1,Layer2
CTAGATTTACGACGGC-1,Layer3
CTAGCAACTAATTTAC-1,Layer1
CTAGCATAGTATAATG-1,Layer3
CTAGCCACAGGCGAGC-1,Layer4
CTAGCCGATGTTATGA-1,Layer1
CTAGCGCCAATCCTAC-1,Layer3
CTAGGCGCCCTATCAG-1,Layer4
CTAGGCGGCAGAGAAT-1,Layer1
CTAGGGATAGGGACAA-1,WM
CTAGGTCTGAAGGAAT-1,Layer3
CTAGGTTCGGACGTGA-1,Layer5
CTAGTAGAAAGGGATT-1,Layer6
CTAGTATTCGGAATTA-1,Layer1
CTAGTCACGTCTTAAG-1,Layer3
CTAGTGAAGGACAGGA-1,Layer4
CTAGTTACAACCCGGT-1,Layer5
CTAGTTGGGCCCGGTA-1,Layer3
CTATAAGAGCCAATCG-1,Layer1
CTATAGGCGTTGATGT-1,WM
CTATATCCAGCCTGGC-1,WM
CTATCACAACGCTGGA-1,Layer6
CTATCGACGAAATACA-1,Layer4
CTATCGCGTAGAGAAC-1,Layer4
CTATCGGGTCTCAACA-1,Layer3
CTATGCCCGAATGCAA-1,Layer6
CTATGGGAAGCGGAAT-1,Layer4
CTATGTCACTAGCCCA-1,Layer3
CTATGTCTATTGAAAC-1,Layer1
CTATGTGAGTCACGGC-1,Layer6
CTATTCATGTGTCCCA-1,Layer5
CTATTGTGTTTGGTCA-1,Layer1
CTATTTGCTTGGAGGA-1,WM
CTATTTGGTTACGGAT-1,Layer3
CTCAAACCACTGCCCG-1,WM
CTCAACTAACCCGGAT-1,Layer5
CTCAAGACATTAGCGC-1,Layer1
CTCACACGCAAGCCTA-1,Layer1
CTCACATTTACTAAAT-1,Layer6
CTCACCAGTACAAGTG-1,Layer5
CTCACCGATCCAAACT-1,Layer2
CTCACTGTGATACTTA-1,Layer6
CTCACTTGGCTGGTAA-1,Layer5
CTCAGAGCTAATGTCG-1,WM
CTCAGATTGTGATAAG-1,Layer6
CTCAGCAGACTGCCGA-1,Layer3
CTCAGGACTCACCTGT-1,Layer3
CTCAGTCACGACAAAT-1,Layer1
CTCATGGCTCACAATC-1,Layer1
CTCATGGTAATTTGCG-1,Layer6
CTCATTCGTGAACATC-1,Layer5
CTCATTGCTCTAACAA-1,Layer5
CTCATTTGATGGGCGG-1,Layer3
CTCCCAATGAGTCGCG-1,Layer3
CTCCCTCCTTTCGATC-1,Layer6
CTCCGAGTAAATCCGC-1,Layer3
CTCCGCCCACATGAGG-1,Layer5
CTCCGGCCTAATATGC-1,Layer3
CTCCGGCTTGTAGACA-1,Layer3
CTCCTAAGTTATGTCT-1,Layer3
CTCCTCCAGCTCACAC-1,WM
CTCCTGTTCAAGGCAG-1,Layer3
CTCCTTTACGCAAGTC-1,Layer1
CTCGAATGGAACGTAT-1,Layer1
CTCGAGATCCAAAGCA-1,Layer3
CTCGAGGTCGAACAGT-1,Layer3
CTCGATATTTGCGAGC-1,Layer1
CTCGCACCTATATAGT-1,Layer3
CTCGCCGAATGTAGGG-1,Layer6
CTCGCTAGGTAAGCGA-1,Layer6
CTCGGGCATCGTCGGG-1,Layer1
CTCGGGTTCTCTGGCC-1,WM
CTCGGTACCACTGCTC-1,Layer3
CTCGGTCCGTAGCCTG-1,Layer3
CTCGGTTGTCGGCCCT-1,WM
CTCGTCTGTGCCTTCG-1,Layer6
CTCGTTACGGCTACCA-1,WM
CTCGTTTCTAATGTTT-1,Layer1
CTCTAATGCATTGATC-1,Layer1
CTCTACACTGGCGATT-1,Layer6
CTCTACATCCTGCGTG-1,WM
CTCTAGCCCTCGGAAA-1,Layer6
CTCTATTTGGCTGCAG-1,Layer4
CTCTCACAATCGATGA-1,Layer3
CTCTCGATGTGCGCCT-1,Layer1
CTCTCGCTGTACTATG-1,Layer4
CTCTCTAACTGCCTAG-1,WM
CTCTGCGAAGCAAGCA-1,Layer2
CTCTGGACGCCTGGTG-1,Layer3
CTCTGTCCATGCACCA-1,Layer6
CTCTGTGCCTGCTATG-1,Layer1
CTCTGTTTGAGGATTC-1,Layer1
CTCTTCTATTGACTGG-1,Layer3
CTCTTCTGGAAGTTAG-1,WM
CTCTTGTCCCGCTTGG-1,Layer5
CTGAAACGGCCCTCAG-1,Layer3
CTGAAAGAGATCCGAC-1,Layer2
CTGAATCCGAGACCTC-1,Layer5
CTGAATTTATTGCCAG-1,Layer1
CTGACTGCGCAGCTCG-1,Layer2
CTGAGAAAGTTCGGCG-1,Layer3
CTGAGCAAGTAACAAG-1,Layer3
CTGATAGTGTATCTCA-1,Layer5
CTGCAAATGGGCTCCA-1,Layer1
CTGCAAGCACGTTCCG-1,Layer5
CTGCACAACTACATAT-1,Layer4
CTGCACCTAGTCCACA-1,Layer1
CTGCACCTGGAACCGC-1,Layer3
CTGCACTCCAGTACAG-1,Layer5
CTGCAGAGAATCAGAG-1,Layer5
CTGCCAAGGTTGGAAG-1,Layer2
CTGCCATGCATCACAT-1,Layer4
CTGCCCACGAAGCGTT-1,Layer5
CTGCCTAGCCACCAAG-1,Layer1
CTGCCTCATATGCAAC-1,Layer1
CTGCCTTTAATACCTT-1,WM
CTGCCTTTCTAGTAAA-1,Layer5
CTGCGACCTCGCCGAA-1,Layer6
CTGCGATTTCGAGATT-1,WM
CTGCGGGTGAAATGTT-1,Layer4
CTGCGGTAGTCACGTG-1,Layer1
CTGCGTTACGATATAA-1,Layer1
CTGCTCTGACGGCAAA-1,WM
CTGCTGAGGCCACGAA-1,Layer6
CTGCTTGGCGATAGCT-1,Layer5
CTGCTTTATGTCCGCG-1,Layer1
CTGGAAATGGATGCTT-1,Layer3
CTGGAAGACACGGTGG-1,Layer4
CTGGACGCAGTCCGGC-1,WM
CTGGATTTACACTTGA-1,Layer5
CTGGCATCCGAATGAG-1,Layer6
CTGGCGACATAAGTCC-1,Layer1
CTGGCGCACAGGTCTG-1,Layer3
CTGGCGGGAATAAGTA-1,Layer3
CTGGCTCCTGCGGGAT-1,Layer3
CTGGCTGATTCATCCT-1,Layer3
CTGGCTGCTAACGTAA-1,Layer2
CTGGCTGGTTGTCAGT-1,Layer5
CTGGGATAAATAATGG-1,Layer3
CTGGGATACGCTACCC-1,Layer2
CTGGGATCGCCCAGAT-1,Layer1
CTGGGCACTAGTCGGA-1,Layer2
CTGGGCCTGCTATATC-1,Layer5
CTGGGCGGCCAAATGT-1,Layer1
CTGGGCTATCCTTTGG-1,Layer2
CTGGGTAGGCAGTTAA-1,Layer3
CTGGTAAAGACTTACA-1,Layer6
CTGGTAAAGTGTGGGC-1,Layer5
CTGGTAACACATAGAA-1,Layer3
CTGGTAACGAGCTCTT-1,Layer2
CTGGTCATTCCAATCC-1,Layer4
CTGGTCCTAACTTGGC-1,Layer1
CTGGTTCAACGCATCA-1,Layer2
CTGGTTTCGAGCAAGA-1,Layer3
CTGTACTTCTTAGCAT-1,Layer4
CTGTAGCCATCTCACT-1,Layer6
CTGTAGTGAGGATCGA-1,WM
CTGTATGGTGTAGAAA-1,Layer3
CTGTCAAATGGCTCGG-1,Layer2
CTGTCACGCCAGGCGC-1,Layer1
CTGTGCAGGGTAGGTC-1,Layer4
CTGTGGTCGGGAGATA-1,Layer4
CTGTTACCCAATCTAG-1,Layer5
CTGTTCACTGCCTGTG-1,Layer3
CTGTTCATCTCACGGG-1,Layer3
CTGTTGGCTCTTCTGA-1,Layer4
CTTAAATAAGACCCAT-1,Layer4
CTTAACTTCGAAGTAC-1,Layer1
CTTACACGGTATTCCA-1,Layer3
CTTACACTGGGAAATA-1,Layer3
CTTACATAGATTTCTT-1,Layer6
CTTAGATGTTTCATCC-1,WM
CTTAGCCCGGATAGTG-1,Layer5
CTTAGCCTTCCACATG-1,Layer2
CTTAGTAGGCCTACAG-1,Layer2
CTTAGTGTAGTAGCAT-1,Layer5
CTTAGTTGAGGAATCG-1,WM
CTTATGCGCTCAGGGC-1,Layer6
CTTATGTTGACTACCA-1,Layer3
CTTCAACTCCACTTGG-1,Layer5
CTTCAGTGGTCGCCTA-1,WM
CTTCAGTTGGACAACG-1,Layer6
CTTCATAGCTCAAGAA-1,Layer3
CTTCATCACCAGGGCT-1,Layer6
CTTCATTGTCAGTGGA-1,Layer3
CTTCCGCTCCGTGAAG-1,Layer6
CTTCCTGCATATTTAC-1,Layer2
CTTCGATTGCGCAAGC-1,Layer6
CTTCGGCCAATTGTTT-1,Layer3
CTTCGTAGATAGGTGA-1,Layer4
CTTCGTGCCCGCATCG-1,Layer1
CTTCTATGTTGAAGTA-1,Layer6
CTTCTATTAATGCTAG-1,Layer5
CTTCTGGGCGTACCTA-1,WM
CTTCTTACGTCGTATA-1,Layer2
CTTGACCCGAAAGATA-1,Layer1
CTTGAGGTTATCCCGA-1,Layer3
CTTGAGTTAGGGTAAT-1,Layer3
CTTGATGACCATCCAG-1,Layer6
CTTGCAACCGCCTCCT-1,Layer5
CTTGCCCACCCACGCA-1,Layer6
CTTGCCCAGGCTCTAC-1,Layer5
CTTGGCCAAGCTGGGA-1,Layer6
CTTGTACTTGTTGACT-1,Layer3
CTTGTCAACATTCGAG-1,Layer5
CTTGTCGTACGTGTCA-1,Layer1
CTTGTGAGGACAGCGG-1,Layer3
CTTGTGAGTCTTTGAC-1,Layer3
CTTGTGCTCACCGATT-1,Layer1
CTTGTTGCTGAGTCAA-1,Layer3
CTTGTTTATGTAGCCA-1,Layer3
CTTTAACTTTCAAAGG-1,Layer3
CTTTAATATTGGTCGA-1,Layer5
CTTTACCGAATAGTAG-1,Layer4
CTTTAGGAACACTGTT-1,Layer3
CTTTAGTGCTATTATT-1,Layer4
CTTTCTGTGCGGGCTT-1,Layer5
CTTTGAAACATATTCC-1,Layer2
CTTTGCATCGCTCTTG-1,Layer5
CTTTGGCAGACAGAGT-1,Layer2
CTTTGGCGCTTTATAC-1,Layer5
CTTTGGCTTTAGTAAA-1,Layer4
CTTTGGGATTGTTGCA-1,WM
GAAACAGATGACCACC-1,Layer3
GAAACAGCCATGCAGT-1,Layer1
GAAACATAGGAAACAG-1,WM
GAAACCATGGTGCGCT-1,Layer1
GAAACCGAATTACCTT-1,Layer5
GAAACCTATACAAATG-1,Layer6
GAAACTCGTGCGATGC-1,Layer4
GAAACTCTAATGAAGG-1,Layer1
GAAAGAACAGCGTTAT-1,Layer3
GAAAGCAGTGCACTTT-1,Layer6
GAAAGCCCTTTGGACC-1,Layer5
GAAAGTGACTAACTGC-1,Layer3
GAAATACCTGCTGGCT-1,Layer1
GAAATACTAAACGTTT-1,Layer3
GAAATATCACCATCAG-1,Layer5
GAAATATGCTTGAATG-1,Layer1
GAAATCGCGCGCAACT-1,Layer2
GAAATCTGACCAAGTT-1,Layer4
GAAATGGCGGTGTTAG-1,Layer3
GAAATGGGATGTAAAC-1,Layer3
GAAATTAGCACGGATA-1,Layer1
GAAATTCACATCGCTG-1,Layer3
GAAATTGTCTCTATAA-1,Layer5
GAACAACTGGGATGAA-1,Layer6
GAACACACATCAACCA-1,Layer3
GAACAGATTACTAAAT-1,Layer5
GAACATTAGTATGTTA-1,Layer1
GAACCATCTGGGAGAC-1,Layer1
GAACCCTCTGTGTTCT-1,Layer6
GAACCTCGACCTACAC-1,Layer6
GAACCTTTAACGATCC-1,Layer6
GAACGACCGAATGATA-1,Layer3
GAACGCGGGTCACACG-1,Layer3
GAACGGTGTAAAGCAG-1,Layer2
GAACGTCTCATGGTCG-1,Layer3
GAACGTTAGGAAGACG-1,Layer5
GAACTGTGGAGAGACA-1,Layer6
GAACTTAGCGCCCGGT-1,Layer2
GAACTTGTGCACGGGA-1,Layer1
GAAGAAACGATATTGT-1,WM
GAAGAACGGTGCAGGT-1,Layer3
GAAGACTTCAATGCCG-1,Layer1
GAAGCAAGGCAATGTT-1,Layer1
GAAGCCACTGATTATG-1,Layer6
GAAGCCGGGTAAGCTC-1,Layer4
GAAGCCTGCACATTCC-1,Layer6
GAAGCGTGAGGAATTT-1,Layer3
GAAGCTCGGACCCGTC-1,WM
GAAGCTCTTTGCTTAG-1,Layer3
GAAGCTTGCTGACCGC-1,Layer3
GAAGGACTAAATTGAA-1,Layer2
GAAGGAGTCGAGTGCG-1,WM
GAAGGCTACCATTGTT-1,Layer1
GAAGGGCATAACCATG-1,Layer3
GAAGGGTCATTAAGAC-1,Layer6
GAAGTCAGTTGCACTA-1,Layer5
GAAGTCTCCCTAGCGA-1,Layer3
GAAGTGATTTATCGTG-1,Layer4
GAAGTGCTGGATAGCT-1,Layer2
GAAGTTTCCACTCAAT-1,Layer4
GAATAGACGCGACCCA-1,Layer3
GAATAGCATTTAGGGT-1,Layer3
GAATAGCCCTGCGGTC-1,Layer1
GAATAGTGCTCGATTA-1,WM
GAATATTCGGAGTCCC-1,Layer1
GAATCGACATGGTCAC-1,Layer3
GAATCGCCGGACACGG-1,Layer3
GAATCTATACTCGGAC-1,Layer1
GAATCTGAACATTCTC-1,Layer4
GAATGAAGGTCTTCAG-1,Layer1
GAATGCCGAAATGACC-1,Layer3
GAATGCGAATCGGTTC-1,Layer6
GAATGGGCTTATCGAC-1,Layer6
GAATGTATGGCAGGTC-1,Layer1
GAATGTGGTCCGGATT-1,Layer3
GAATGTTGGGTAATCT-1,Layer3
GAATTATAGTGAAAGG-1,Layer3
GAATTATGCAACCTAC-1,Layer3
GAATTCACCCGGGTGT-1,Layer5
GAATTTCTCGCTGCAG-1,Layer3
GACAAACATATGCAGG-1,Layer3
GACAACGACCATTGAA-1,Layer3
GACAACGCAGCTTACG-1,Layer3
GACAAGAGATGAGATT-1,Layer4
GACACAAGGGAAGAAA-1,Layer3
GACACAGCCGGGACTG-1,Layer6
GACACGAGTTAGAGGA-1,Layer3
GACACTGAGTTCAGTG-1,Layer5
GACACTGGAACCCGAT-1,Layer3
GACACTTCCAATTACC-1,Layer6
GACAGATTTCTGGCTC-1,Layer6
GACAGCCAGACCTGAC-1,Layer3
GACAGGCACACACTAT-1,Layer5
GACATACTGTCGCAGA-1,Layer4
GACATCCGTCGAACTG-1,Layer6
GACATCGATTTATAAC-1,Layer5
GACCAAACGTTGACTG-1,Layer4
GACCACACTTCCCTTT-1,Layer6
GACCAGAGCCCTGTAG-1,Layer3
GACCAGGTCATTCATA-1,Layer1
GACCCAATTATGATAC-1,WM
GACCCGTCGCCGGCTA-1,Layer1
GACCGACGTGAAAGCA-1,Layer3
GACCGACTGAAGCGTC-1,Layer5
GACCGCGTCTGACGTG-1,Layer3
GACCGTCAGGTCGTGA-1,Layer1
GACCGTGCTGACGGTG-1,Layer4
GACCGTTACATGCGAC-1,Layer5
GACCTTCCACGTCTAC-1,Layer6
GACGACGATCCGCGTT-1,Layer5
GACGAGGCTAATAAAC-1,Layer4
GACGCCGTAAAGGCTA-1,Layer5
GACGCCTGTTGCAGGG-1,Layer3
GACGCTTGCTTCTAAA-1,Layer5
GACGGACCGCGTTCCT-1,Layer1
GACGGGATGTCTTATG-1,Layer1
GACGGGTTGGCCCGTA-1,Layer6
GACGGTCAATAGAAGC-1,Layer2
GACGGTCCTAGGGTGT-1,
GACGTGAGACTCCATG-1,Layer3
GACGTGTAGGGATTAT-1,Layer3
GACGTTCGTAAATACA-1,Layer1
GACTAACACAGCACCT-1,Layer1
GACTAAGATCATGCAC-1,Layer3
GACTAAGTAGGCTCAC-1,Layer3
GACTACAAAGCGGTGG-1,Layer6
GACTACAATTGCTCGT-1,Layer1
GACTAGGCCGTTAGGT-1,Layer6
GACTCACCCACGTGAG-1,Layer3
GACTCCCAGAATAAGG-1,Layer1
GACTCGCGGGAATGAC-1,Layer2
GACTCGGTCGGCGGAT-1,Layer1
GACTGATTGGTCACAA-1,Layer1
GACTGCAAATCGAGCT-1,Layer5
GACTGCACCAGCCCAG-1,Layer4
GACTGCGGCACGTGTA-1,Layer4
GACTGCTGGTGAGAAA-1,WM
GACTGGGCGCCGCAAC-1,Layer1
GACTTCAACGCATCAA-1,Layer6
GAGAACGGTTCTGACT-1,Layer5
GAGAATCTCACGATCA-1,Layer5
GAGACCCTGCAACGCC-1,Layer1
GAGACTGATGGGTAGA-1,Layer3
GAGACTTCGCGACCGA-1,Layer5
GAGAGCGCAGTCCCTG-1,Layer5
GAGAGGCCTATGTGTA-1,Layer5
GAGAGGGCGCGAGGTT-1,Layer4
GAGAGGTGCATTCTGG-1,Layer5
GAGATCTGCTTGGCAT-1,Layer4
GAGATCTGTCACTCCG-1,Layer3
GAGATCTTCCATGACA-1,Layer4
GAGATGGCTTTAATCA-1,Layer6
GAGATGGGAGTCGACA-1,Layer5
GAGCACCTGTGTCCAG-1,Layer5
GAGCATCAACAACTTG-1,WM
GAGCATCATCCCTGGG-1,Layer3
GAGCCACGGTAGTAGG-1,Layer2
GAGCCAGCTACCTGTG-1,Layer4
GAGCCGAGCGTTTATT-1,Layer1
GAGCGAGGGAGTACCG-1,Layer2
GAGCGCAAATACTCCG-1,Layer3
GAGCGCGCACGAGTAG-1,Layer4
GAGCGCTATGTCAGGC-1,Layer1
GAGCGCTGTTAGGTAA-1,WM
GAGCGGAATGCGGTGT-1,WM
GAGCTAAGGGCATATC-1,Layer3
GAGCTCAACATGAGCG-1,WM
GAGCTCTCGGACCTAA-1,Layer3
GAGCTGTCGTCTCGGA-1,Layer1
GAGGAATATCTCTTTG-1,WM
GAGGAATGGAGAGGTT-1,Layer3
GAGGAGATCCTCATGC-1,Layer3
GAGGAGTAATTCCTAC-1,Layer1
GAGGATAAACAGTGCT-1,Layer3
GAGGCATTTGCAGCAG-1,Layer1
GAGGCCCGACTCCGCA-1,WM
GAGGCCTGTTGATACA-1,Layer5
GAGGCTATCAAAGTCG-1,Layer5
GAGGGAGTCAGATCGC-1,WM
GAGGGCATCGCGTATC-1,Layer3
GAGGGCCATAATATTA-1,Layer1
GAGGGCCGGCAGAGTC-1,Layer3
GAGGGCGCAGCTCTGC-1,Layer2
GAGGGTAGTAACAAAG-1,WM
GAGGTACATCCATCTT-1,Layer1
GAGGTACGCGTGTCCC-1,Layer6
GAGGTCCCAAAGATCT-1,Layer3
GAGGTCTTAGTGGGTC-1,Layer1
GAGTAAACCGGAAAGT-1,Layer3
GAGTAAGGCCACGGGA-1,Layer6
GAGTACGGGTATACAA-1,Layer3
GAGTAGATACTAGTTG-1,Layer6
GAGTATACCCTAATCA-1,WM
GAGTATGCCCGCCTTG-1,Layer5
GAGTATGCGCGTGCAT-1,Layer6
GAGTCAGACCAGAATC-1,Layer6
GAGTCCGCTTACCGGA-1,Layer5
GAGTCGACAGACCCTC-1,Layer5
GAGTGCACGGACAACA-1,Layer1
GAGTGTCAACCAGAAA-1,Layer5
GAGTGTGCGGTACCCA-1,Layer3
GAGTTGATGGCAATTT-1,WM
GATAAATCGGTGGATG-1,Layer3
GATAACTCGCACTGTG-1,Layer3
GATAAGGCAGATGCAA-1,Layer3
GATACGATGGGAGTCA-1,Layer5
GATAGAACCCGCTAGG-1,WM
GATAGCGTACCACGCG-1,Layer3
GATAGGATTAATTACA-1,
GATAGGTAACGTTGAC-1,Layer5
GATAGTGCGAGTAAGT-1,WM
GATATCAGTATGTATC-1,Layer3
GATATCTCATGCAATA-1,Layer1
GATATGAGACACTAAC-1,Layer3
GATATGCGGTAGCCAA-1,Layer1
GATATGGATTACGCGG-1,Layer4
GATATTGAGATTGGCG-1,Layer3
GATATTTCCTACATGG-1,Layer1
GATCAACATAAAGGGA-1,WM
GATCATTCCAAACATT-1,Layer3
GATCCCTTTATACTGC-1,Layer3
GATCCGGGAATTAACA-1,Layer3
GATCCTAAATCGGGAC-1,Layer2
GATCCTCGACACTGGC-1,Layer6
GATCCTCTTGCGCTTA-1,Layer1
GATCGACACTATCTGA-1,Layer3
GATCGCGGGCTCTCCA-1,Layer4
GATCGCTACCCGATTT-1,Layer3
GATCGCTATATCTCAG-1,WM
GATCGGATAGAACCAT-1,Layer5
GATCGGCGATAAGTCG-1,Layer3
GATCGGTGGCCATAAC-1,Layer3
GATCGTGACTGATATC-1,Layer3
GATCTCGACGCTGTGG-1,Layer3
GATCTGCTATCTAAGG-1,Layer6
GATCTTAGTGAACGTG-1,Layer3
GATCTTCATTGTCCTC-1,Layer3
GATCTTGGAGGGCATA-1,Layer4
GATCTTTGCAGGGTAT-1,Layer4
GATCTTTGCTCAAAGA-1,Layer1
GATGACAAGTAGGGCA-1,WM
GATGACGATGATCGCG-1,Layer1
GATGAGGAACCTTCGG-1,Layer6
GATGATTTGAAACTGG-1,Layer1
GATGCCACACTACAGC-1,Layer1
GATGCCAGCAGAAGGC-1,Layer3
GATGCGAATGGTATTA-1,Layer4
GATGCGTCCTGCATTC-1,Layer3
GATGCTACAAGCGCCT-1,Layer3
GATGCTACCTTCGATG-1,WM
GATGCTGTATTTCATC-1,Layer3
GATGGCGCACACATTA-1,Layer3
GATGGTGAAATAACCC-1,Layer3
GATGGTGCCCTAGGCA-1,Layer1
GATGTAACGAACCACC-1,WM
GATGTCCGGATCACAT-1,Layer2
GATGTCGGTCAACTGC-1,Layer1
GATGTGTTGTCACAAG-1,Layer1
GATGTTCAATCCACGA-1,Layer5
GATGTTTGTGCGAGAT-1,Layer3
GATTAACCGAAAGCCC-1,Layer4
GATTAATCCTGGCTCA-1,Layer2
GATTACTGAATTTGGG-1,Layer5
GATTATCTTGCATTAT-1,Layer6
GATTCCCTTGTCGCAG-1,Layer3
GATTCCGCGTTTCCGT-1,Layer1
GATTCCTATACGGCGC-1,Layer3
GATTCGACGGTTCACG-1,Layer3
GATTCTGTTAATGAGT-1,WM
GATTGACACTCTGCTC-1,Layer1
GATTGCTCCAGTTGCA-1,WM
GATTGGGAAAGGTTGT-1,Layer6
GATTTAGTGCGTACTG-1,Layer1
GCAAACCCTACATTAT-1,Layer4
GCAAACCTTGGCCATA-1,Layer5
GCAAACGTCGCCAGGT-1,Layer3
GCAAATATTACGCTTT-1,Layer4
GCAAATGAGGACACTT-1,Layer6
GCAACACACTAGAACT-1,Layer6
GCAACAGCAGTATGCG-1,Layer3
GCAACCACCAGACCGG-1,Layer1
GCAACCACGGCCGCGT-1,Layer5
GCAACCCAAGTTGTTT-1,Layer5
GCAACGGCTAGTTATG-1,Layer3
GCAAGAATTCCTTGGC-1,Layer5
GCAAGATGTGTTCGCG-1,Layer1
GCAAGTGCACAGAGAA-1,Layer3
GCAAGTGTAAAGCATG-1,WM
GCACAAACGAGGCGTG-1,Layer3
GCACAAGTGGATCATA-1,Layer3
GCACAAGTGTCGGAAG-1,Layer1
GCACACACTGGTAGCC-1,Layer5
GCACACAGCTATTACC-1,WM
GCACACGCCCATGGTC-1,Layer5
GCACAGCACGGGCCGA-1,WM
GCACCTAGGCGAGTCC-1,Layer6
GCACGCCGATTCCCGC-1,Layer6
GCACGCCTACTTAGAT-1,Layer6
GCACGTGGTTTACTTA-1,Layer5
GCACTAGTCGCGCTAT-1,Layer3
GCACTCCCACAGTCCC-1,Layer1
GCACTGCCTACCTTTA-1,Layer6
GCACTGTGCAAATGTA-1,Layer3
GCAGAAACGTAATCCA-1,Layer2
GCAGACCCAGCACGTA-1,Layer3
GCAGATCCATAAGACT-1,Layer4
GCAGATCCTCGCAAAT-1,Layer4
GCAGATTAGGGATATC-1,Layer3
GCAGCACACAGCCCAG-1,Layer4
GCAGCCTATATCACAT-1,Layer2
GCAGCGGTGGGCATTA-1,Layer2
GCAGCTATGGACAGGT-1,Layer1
GCAGCTGTCAACGCAT-1,Layer6
GCAGGAACTTAGATCT-1,WM
GCAGGACTATAGAATA-1,Layer4
GCAGGTAGAGTATGGT-1,Layer1
GCAGTGTGGCTATAGG-1,Layer5
GCAGTTCGATCCGAGC-1,Layer4
GCATAAATTGAACGCC-1,Layer3
GCATACGAGGTCTTTA-1,Layer5
GCATAGAGCACTCAGG-1,Layer3
GCATCCCTAACTTTGA-1,Layer3
GCATCGGCCGTGTAGG-1,Layer3
GCATGAGGGACGCGGC-1,Layer3
GCATGCTAATAACGAT-1,Layer6
GCATGGGTACTGACGC-1,Layer6
GCATTCAAGGCAACGC-1,Layer1
GCATTCGAAATGAACA-1,Layer4
GCATTGTAATTCATAT-1,Layer5
GCATTTCCAAGGCTCC-1,Layer2
GCCAACCATTTCCGGA-1,Layer1
GCCAAGAATACTTCTG-1,Layer6
GCCAATAGGGCATCTC-1,Layer1
GCCACAATTTAAGGAC-1,Layer5
GCCACTCAGAGCGCGA-1,Layer5
GCCACTCCTTACGGTA-1,Layer3
GCCAGGAAAGAACACT-1,WM
GCCAGGAGTAACCGAT-1,Layer1
GCCAGGCGTTCGCATG-1,Layer1
GCCATATTGCACACAG-1,Layer1
GCCATCGAGCTGCGTG-1,Layer6
GCCATCGATGCTGCAT-1,Layer2
GCCCACCAAGGCTGTC-1,Layer3
GCCCACTGGTCCACAA-1,Layer3
GCCCAGTTGGTATGCC-1,Layer3
GCCCATGGGTGCAATG-1,Layer2
GCCCGACTTCTTCCCG-1,Layer6
GCCCGATCTGTGGTCG-1,Layer5
GCCCGCGCGTAAACGG-1,Layer5
GCCCGCGCGTTTGACA-1,Layer3
GCCCGTAATACCTTCT-1,Layer3
GCCCTAAGTGCAGGAT-1,WM
GCCCTAGCCGTCGCGA-1,WM
GCCCTGAGGATGGGCT-1,Layer6
GCCGAAATTCCTACGT-1,Layer4
GCCGACCCACGACTGC-1,WM
GCCGATTGGCCAAGCT-1,Layer4
GCCGCATTAGTCCGGC-1,Layer5
GCCGCTAGATACGCAG-1,Layer2
GCCGCTTGTGAGAAAC-1,Layer4
GCCGGAAACACATCTT-1,Layer1
GCCGGGTTAGGGTCGC-1,Layer4
GCCGGTCGTATCTCTC-1,WM
GCCGGTTTGGGCGGAT-1,Layer1
GCCGTCGGTTTCGGGC-1,WM
GCCGTGGAAGAAATGT-1,Layer3
GCCTACGTTCTGTGCA-1,Layer6
GCCTAGCGATCTGACC-1,Layer3
GCCTATAGTGTCAGGG-1,Layer2
GCCTATGCTGGGCCTT-1,Layer1
GCCTATTCCGATATAG-1,Layer3
GCCTATTTGCTACACA-1,Layer1
GCCTCATCTGGAAATA-1,Layer3
GCCTCCGACAATTCAC-1,Layer5
GCCTCTATACATAGCA-1,Layer5
GCCTGCTACACTGAGA-1,Layer1
GCCTGTCCCGGTGCAT-1,WM
GCCTTCAGCCCTACCG-1,Layer3
GCCTTGTATATGCAGT-1,Layer3
GCGAAACGATCGGGAG-1,Layer4
GCGAAACTTAACTGGA-1,Layer3
GCGAAGAATCTGACGG-1,Layer6
GCGAAGCCATACCCGT-1,Layer3
GCGAATGGACTAGCGA-1,WM
GCGACATGTAAACATC-1,Layer3
GCGACCCAACCATCTG-1,WM
GCGACGATAGTTGTAC-1,Layer5
GCGACGGTAGTCTCCT-1,WM
GCGAGAAACGGGAGTT-1,Layer3
GCGAGAGGCCATGTAA-1,Layer1
GCGAGAGTTGCGTCCA-1,Layer2
GCGAGCGCATGCTCCC-1,Layer3
GCGAGGCCCGAGCAGA-1,Layer4
GCGAGTTCTGCAAAGA-1,Layer3
GCGATGTCTGTGCTTG-1,Layer4
GCGATTCTGGAAGCAG-1,Layer1
GCGATTGTTAACGTTA-1,Layer3
GCGCAAATATATTCAA-1,WM
GCGCAAGAGCGCGCTG-1,Layer3
GCGCATCCAGTCAGCA-1,Layer2
GCGCCGTTCCACGATA-1,Layer4
GCGCCTCCCACTCCGA-1,Layer3
GCGCGATGGGTCAAGT-1,Layer1
GCGCGGTCTAGTAACT-1,WM
GCGCGTCATTGGTACA-1,Layer5
GCGCTAAGTATGCATG-1,Layer1
GCGCTAATTGAATAGA-1,Layer3
GCGCTATGCCGAGGCA-1,Layer5
GCGCTGATCCAGACTC-1,Layer1
GCGCTGCTTTGCATTT-1,Layer2
GCGCTTAAATAATTGG-1,Layer5
GCGGACCGCGTTGTGG-1,Layer6
GCGGAGAAACTTCGCA-1,Layer6
GCGGAGAGGGAGAACG-1,Layer4
GCGGCAAAGTATTGCC-1,WM
GCGGCTCTGACGTACC-1,Layer5
GCGGCTTTAGCAAGTT-1,Layer6
GCGGGAACCAGGCCCT-1,Layer3
GCGGGCAGACGGGTGA-1,WM
GCGGGCATTACGATGC-1,Layer1
GCGGGCGAGCCTTACC-1,Layer6
GCGGTAACCCAAATGA-1,Layer3
GCGGTCCCGGTGAAGG-1,Layer1
GCGGTCCCTAGACGCA-1,Layer3
GCGGTCTTGCTTTCAC-1,Layer6
GCGGTGAACTGCGCTC-1,Layer1
GCGGTGCGGAGCATCG-1,Layer4
GCGGTTCCCTATCATG-1,Layer5
GCGTAAATGGCCATAA-1,Layer3
GCGTCCAGCTCGTGGC-1,Layer1
GCGTCCCTAAGACATA-1,WM
GCGTCGAAATGTCGGT-1,Layer2
GCGTCGCCAGGGTGAT-1,Layer5
GCGTCGTAACATGGTC-1,WM
GCGTCTCTGCATTGGG-1,Layer5
GCGTGGTACTGGGTTA-1,Layer3
GCGTGTATGTCGTATT-1,Layer1
GCGTTATATTTGGAAC-1,Layer5
GCGTTCGGAGACCGGG-1,Layer1
GCTAAACCTGAGGTGA-1,Layer3
GCTAACTGAAGTCTGA-1,Layer5
GCTAAGTAAAGGCGAT-1,Layer4
GCTAAGTAGTTTCTCT-1,Layer3
GCTAATACCGAATGCC-1,Layer3
GCTACAATCGAGGATA-1,Layer5
GCTACACTGTCCGAAC-1,Layer2
GCTACAGTACGGACCG-1,Layer5
GCTACGACTTATTGGG-1,Layer4
GCTACTATAGTAGAGT-1,Layer4
GCTAGACCGTCTACTG-1,Layer3
GCTAGAGTAGAGATGT-1,Layer4
GCTAGCAGGGAGTGGG-1,Layer1
GCTAGCTTGAATAGCT-1,Layer6
GCTAGGCACCACGGAG-1,Layer5
GCTAGTAGAGCTTGTA-1,Layer3
GCTAGTTTCATTGAGG-1,Layer3
GCTATACGTCTCGGAC-1,Layer4
GCTATCATACTCATGG-1,Layer5
GCTATCGCGGCGCAAC-1,Layer3
GCTATGCCAGCTTATG-1,Layer6
GCTCAACCTCTTAGAG-1,Layer3
GCTCAATCCGTTTATT-1,Layer6
GCTCAATGTAATACCG-1,Layer6
GCTCATTACTGCATGT-1,Layer1
GCTCCATGCAAAGCAA-1,WM
GCTCCCAGTCGGTCCA-1,Layer3
GCTCCGCTCGCTTCAG-1,Layer3
GCTCCGGACGTTGATA-1,Layer2
GCTCCTGACATACTGG-1,WM
GCTCGACCGAACTGAA-1,Layer3
GCTCGCGGTTCCGCTC-1,Layer4
GCTCGCTCATGTCCAA-1,Layer3
GCTCGGAATTTAAAGC-1,Layer2
GCTCTAAACCCTGACG-1,Layer3
GCTCTATGTTACGTGC-1,Layer3
GCTCTCGGGTACCGAA-1,Layer3
GCTCTTTCCGCTAGTG-1,WM
GCTGAACTCTCCAGGG-1,Layer3
GCTGAATCTTCCAATC-1,WM
GCTGAGCAACGGTTCT-1,Layer3
GCTGAGGCGTGAGTAT-1,Layer4
GCTGCACGGTTTCTTA-1,Layer3
GCTGCGCCTCCCACGT-1,Layer4
GCTGCTAAGTAGTCGA-1,Layer6
GCTGCTACTGCGTAGC-1,Layer5
GCTGCTCTCCGGACAC-1,Layer3
GCTGGACCCAAAGTGG-1,Layer1
GCTGGCAGGTGCCGTG-1,Layer5
GCTGGCATATTCACCT-1,Layer4
GCTGGCGGCGCATGCT-1,Layer5
GCTGGGTCCGCTGTTA-1,Layer2
GCTGGTGACTCGTAGT-1,Layer1
GCTGTATTACTGGCCC-1,Layer5
GCTGTCTGTGATCGAC-1,Layer2
GCTGTTGCTACCGAAC-1,Layer3
GCTTAATGTAACTAAC-1,Layer3
GCTTACGTAGTTAGTA-1,Layer2
GCTTAGGGAAGCGGTA-1,Layer2
GCTTATGAAGCAGGAA-1,Layer3
GCTTCAGTGGGATTAC-1,Layer2
GCTTCCAGCTTAGATT-1,Layer3
GCTTCCATGTAACCGC-1,Layer6
GCTTCCCGTAAGCTCC-1,Layer6
GCTTCCGTCCCTAGAC-1,Layer3
GCTTGATGATAATCAG-1,Layer3
GCTTGCAGCACAATTG-1,Layer1
GCTTGGATCGATTAGG-1,Layer2
GCTTTCAGAGGAGGTG-1,Layer3
GCTTTCTATCTCAACT-1,Layer3
GCTTTGCTGCCGGGTA-1,Layer3
GGAAACCTTGTTGAAT-1,Layer1
GGAAACTAAATGGGCC-1,Layer5
GGAAAGGGAATTGAGC-1,WM
GGAAAGTGCCCATGCC-1,Layer1
GGAACCCGAACAAGAA-1,Layer4
GGAACCGTGTAAATTG-1,Layer5
GGAACCTTGACTCTGC-1,WM
GGAACGGCCTGCAGCC-1,Layer4
GGAACTTTGGCGATTA-1,Layer5
GGAAGATAAGACTGTA-1,Layer3
GGAAGCTCGCTTACAG-1,Layer1
GGAAGGACACCGTATA-1,Layer6
GGAATAACCTCAAGAA-1,Layer1
GGAATGCGCTAGCGTG-1,Layer3
GGACAACCATGAAGCC-1,Layer6
GGACAAGTTGCAGTGA-1,Layer5
GGACACAAGTTTACAC-1,Layer3
GGACACCTCGGTGTTG-1,WM
GGACCAACAGGATAAC-1,Layer5
GGACCTACGGTAACGT-1,Layer1
GGACCTCTAGGCCGCC-1,WM
GGACGGCTTGCGCAAC-1,Layer1
GGACGGGCGACCAACC-1,Layer5
GGACGTCCATAGTTGG-1,Layer1
GGACTAAGTCAGGAGT-1,Layer5
GGACTCGACAGCGCAT-1,WM
GGACTCGTGAGTGGTC-1,WM
GGACTCTTTGACTAAG-1,Layer6
GGAGAAGTCATTGGCA-1,Layer3
GGAGACCAATGTGCTT-1,Layer1
GGAGACGACACCTTTG-1,Layer4
GGAGCAACATTTCAAG-1,Layer4
GGAGCACCAAGAACTA-1,Layer3
GGAGCGAGGCCTACTT-1,Layer6
GGAGGATTGAAAGGAG-1,Layer1
GGAGGCCGAAGTCGTC-1,Layer3
GGAGGCGAAGAACCGC-1,Layer2
GGAGGGCTTGGTTGGC-1,Layer3
GGAGGGTCAAGTAAGA-1,Layer5
GGAGTACACATGAGCT-1,Layer3
GGAGTGCCGCCCTGGA-1,Layer3
GGAGTTGATTCTGTGT-1,Layer5
GGATACTCATGAATTG-1,Layer2
GGATCAAAGGACGAGG-1,Layer1
GGATCAGAGCCATCAG-1,Layer6
GGATCATCCCGTACGC-1,Layer1
GGATCCCTACCAGCTA-1,Layer3
GGATCCGGAATATACT-1,Layer3
GGATCTTACTGCCCTT-1,WM
GGATCTTGACTCAACC-1,WM
GGATGAAGATCGCTGA-1,Layer3
GGATGACGCGAGTTTA-1,Layer4
GGATGCTGGCGTTCCT-1,Layer5
GGATGGCTTGAAGTAT-1,Layer6
GGATGTCCTTACCGCA-1,Layer3
GGATTAAGCTAAGGTC-1,Layer1
GGATTAATCATGGACC-1,Layer6
GGATTCAGTACGGTGG-1,Layer3
GGATTCCGCTATACCC-1,Layer1
GGATTGCTGTGACTCC-1,Layer5
GGATTTCACTTCTATA-1,Layer3
GGCAAAGGCGCCAATA-1,Layer6
GGCAAATTACTTTACT-1,Layer4
GGCAAGCCAGGGATAG-1,Layer1
GGCAAGCCCATAGTGG-1,WM
GGCAAGGCGAAATAGC-1,Layer4
GGCAATAGTCAATGAG-1,Layer3
GGCACTCCACTGGGCA-1,Layer4
GGCACTGCGGTGGTTT-1,Layer6
GGCAGAGAGATCGGGA-1,Layer5
GGCAGCAAACCTATGC-1,Layer3
GGCAGCGGTAATCCTA-1,Layer1
GGCATACAGGTAGCGG-1,Layer4
GGCATATCGGTTCTGC-1,Layer1
GGCATCAACGAGCACG-1,Layer1
GGCATTGAACATCTCA-1,WM
GGCCAATTGTATAGAC-1,Layer6
GGCCACAAGCGATGGC-1,Layer1
GGCCACACGAAAGCCT-1,Layer4
GGCCCAATCTAGAGGG-1,Layer2
GGCCCAGCTGGTTTGC-1,Layer6
GGCCCAGTTATCAGCA-1,Layer1
GGCCCGGAGCATGTCT-1,Layer2
GGCCCGTATACCATGC-1,Layer1
GGCCCTCACCCACTTA-1,Layer5
GGCCGAGACTCTGGTG-1,WM
GGCCGCAGGAACCGCA-1,Layer5
GGCCGGCGTCTGCTAT-1,Layer6
GGCCGTTTGGGTTTCA-1,Layer6
GGCCTGCTCTGATGTT-1,WM
GGCCTGCTTCTCCCGA-1,Layer4
GGCCTTTGCAACTGGC-1,Layer5
GGCGAAATCTAACTTG-1,Layer3
GGCGAACCGTTCTGAT-1,Layer1
GGCGAGCATCGAGGAC-1,Layer1
GGCGCAGGACATCTTC-1,Layer5
GGCGCATGAATTGATG-1,Layer4
GGCGCGGAGATCTTTC-1,Layer5
GGCGCGTTCGAGTTTA-1,Layer5
GGCGCTCCTCATCAAT-1,Layer3
GGCGCTTCATTCCCTG-1,Layer6
GGCGGAGTAATATTAG-1,Layer3
GGCGGTAGGATCATTG-1,Layer3
GGCGGTTTGCCGGTGC-1,Layer3
GGCGTACCCTATATAA-1,Layer1
GGCGTAGGGAAAGCTG-1,Layer6
GGCGTCCTATCCGCTG-1,Layer4
GGCTAAAGGGCGGGTC-1,Layer1
GGCTAATGATTGAAAT-1,Layer1
GGCTACTATACACTCC-1,WM
GGCTATTAAGTTGTAT-1,Layer4
GGCTCCTCCACCTGTT-1,WM
GGCTCGCGTTGAGGTA-1,Layer3
GGCTCGTGCCACCAGC-1,Layer3
GGCTCTGCTCCAACGC-1,Layer3
GGCTGAAATAGCAAAG-1,Layer4
GGCTGAGCATCGTAAG-1,Layer1
GGCTGGCAATCCCACG-1,Layer6
GGCTGGCTAGCTTAAA-1,Layer3
GGCTTCTCGTGGGTGG-1,Layer6
GGCTTGGCTCTCACCT-1,Layer5
GGCTTTCAATAAGGGT-1,Layer6
GGGAACCACCTGTTTC-1,Layer1
GGGAACGGGAGGTTAG-1,Layer5
GGGAACGGTTTCAGAT-1,WM
GGGAAGACGGTCTGTC-1,Layer6
GGGAAGGGCTTTCTCA-1,Layer5
GGGAATGAGCCCTCAC-1,Layer1
GGGAATTCTGTCCAGT-1,Layer5
GGGACAGAGTTACTCC-1,WM
GGGACCCGTATATCTT-1,Layer6
GGGACTGCATAGATAG-1,Layer3
GGGAGAACTCACAGTA-1,Layer3
GGGAGCGACCGTAGTG-1,Layer6
GGGAGGATGCCCGAAA-1,Layer4
GGGAGTAATGGCTGGC-1,Layer2
GGGAGTTAATGAGGCG-1,Layer3
GGGATACGGTAATAAT-1,Layer4
GGGATCCCAATACAAA-1,Layer1
GGGATGGTCGTAACCG-1,Layer5
GGGATTTACCGCACCT-1,Layer3
GGGCAACCGCACGTGC-1,WM
GGGCACGAATTGGCCG-1,Layer5
GGGCACGTAGTACTGT-1,WM
GGGCAGAGCAATCGTT-1,Layer6
GGGCAGTCAACGCCAA-1,Layer6
GGGCATGCATGTCGAG-1,WM
GGGCCCGTCTTAAACA-1,Layer5
GGGCCCTACGAAAGGG-1,Layer5
GGGCCCTTATCTATAC-1,Layer5
GGGCCGGCCGAAGTAC-1,Layer3
GGGCCTAAATGGGCTA-1,Layer6
GGGCCTATACAACCGG-1,Layer3
GGGCCTATTTAAGTAT-1,Layer1
GGGCGAATTTCTCCAC-1,Layer3
GGGCGATATGTGTGAA-1,Layer3
GGGCGCAGCGTTACTC-1,Layer1
GGGCGGCAAATGAATT-1,Layer5
GGGCGGGTTCCCTACG-1,Layer5
GGGCGGTCCTATTGTC-1,Layer3
GGGCGTACATTTATAT-1,Layer3
GGGCGTCACCACGTAA-1,Layer5
GGGCGTCCACTGGCTC-1,Layer1
GGGCGTGGTTTCCCAG-1,Layer5
GGGCTATGATCGATGG-1,Layer6
GGGCTCATCGAACCCA-1,Layer2
GGGCTGCCTAGGGCGA-1,Layer3
GGGCTGGTTAGTCGCG-1,Layer3
GGGTAATGCTGTGTTT-1,Layer3
GGGTACCCACGGTCCT-1,Layer3
GGGTACTTCATGAACT-1,Layer4
GGGTATGTATGCACTT-1,Layer4
GGGTATTCTAGCAAAC-1,WM
GGGTCACCGTGACGGT-1,Layer4
GGGTCACGTGCTTATG-1,Layer2
GGGTCACTGAGTAGTG-1,Layer3
GGGTCAGGAGCTAGAT-1,WM
GGGTCATGCGTACCAT-1,Layer3
GGGTCGTGGCAAGTGT-1,Layer1
GGGTCTATCGCTTTCC-1,Layer5
GGGTGACACCTTAACT-1,Layer5
GGGTGCATATGAAAGC-1,Layer1
GGGTGGTCCAGCCTGT-1,Layer1
GGGTGTTTCAGCTATG-1,Layer2
GGGTTAACATTTGAGT-1,Layer6
GGGTTCAGACGAACAA-1,Layer3
GGGTTTAGGATAGGAT-1,Layer3
GGGTTTCCGGCTTCCA-1,Layer1
GGTAAACTCTGCGCTG-1,Layer5
GGTAAATGTGCGTTAC-1,Layer1
GGTAACCGGGAGGATA-1,WM
GGTAACTATGTATCTG-1,Layer3
GGTACAAACATGCTAT-1,Layer4
GGTACACCAGATTTAT-1,Layer1
GGTACATCTGGGACGA-1,Layer5
GGTACCATTAAGACGG-1,Layer1
GGTACGTTGCGGCCGG-1,Layer5
GGTAGAAGACCGCCTG-1,Layer5
GGTAGACCGTTGGGCG-1,Layer5
GGTAGTGCTCGCACCA-1,Layer3
GGTATAGTGACACATA-1,Layer2
GGTATGAAAGAACTGA-1,Layer5
GGTATTGCCGAGTTTA-1,Layer3
GGTCAAGACTACTTCG-1,Layer4
GGTCACGTTAGATTCA-1,Layer2
GGTCAGTGGGTCCCAC-1,Layer5
GGTCATTGTAGTCATA-1,Layer1
GGTCCCATAACATAGA-1,Layer2
GGTCCTTCATACGACT-1,Layer3
GGTCGGATAAACGGCG-1,Layer1
GGTCGGCCAGGAGCTT-1,Layer3
GGTCGGTAATTAGACA-1,Layer3
GGTCGGTCGTCCACAG-1,Layer6
GGTCGTAAGCTCGCAC-1,Layer6
GGTCTCCGTCCAGGTT-1,Layer5
GGTCTCTGAATGGACT-1,Layer6
GGTCTGAGAATCTGGA-1,Layer3
GGTCTTGAGCGCTCTT-1,Layer6
GGTGAAACCGGGAATG-1,Layer1
GGTGAACGGGCTAGCC-1,Layer3
GGTGAAGTACAGGGAT-1,Layer5
GGTGAGATGCAGATAA-1,Layer3
GGTGATAAGGAGCAGT-1,Layer3
GGTGATGAAGGAAGTG-1,Layer5
GGTGATTTCATCTTGT-1,Layer2
GGTGCAGAGCCTATCG-1,Layer1
GGTGCATAAATGATTA-1,WM
GGTGCGGATAAGTGGC-1,Layer3
GGTGCTGATCACAAAG-1,Layer4
GGTGCTGGTACACATT-1,Layer5
GGTGGACCACGTGTTA-1,Layer1
GGTGGACTGCTCTGGC-1,Layer5
GGTGTAAATCGATTGT-1,WM
GGTGTAGGTAAGTAAA-1,WM
GGTGTTCTGTTTCTAC-1,Layer1
GGTTACCACCCTCGGG-1,Layer5
GGTTAGCTATATGTCT-1,Layer3
GGTTAGGCTTGGAGAA-1,Layer3
GGTTAGTTACGGCGCC-1,Layer4
GGTTCCACCCGCTTCT-1,Layer1
GGTTCCCTAGTGTCTC-1,Layer3
GGTTCGATGCTGAGTT-1,Layer3
GGTTCGGATTATACTA-1,Layer6
GGTTCTACTCGTCTGA-1,Layer3
GGTTGTATCGTGAAAT-1,Layer1
GGTTGTGCTCTTGTCC-1,Layer4
GGTTGTGTAGCCTGGC-1,Layer5
GGTTTAATTACCATCG-1,WM
GGTTTAATTGAGCAGG-1,Layer1
GGTTTACAATCTCAAT-1,Layer3
GGTTTAGCCTTTCTTG-1,Layer3
GGTTTCAATCGGTCAG-1,Layer3
GGTTTGACAAGAAGCT-1,Layer1
GGTTTGAGTGCTGGAA-1,Layer3
GGTTTGCGAACACGTA-1,Layer1
GGTTTGTGACCTGAGG-1,Layer5
GTAACAACTGACCTTG-1,Layer1
GTAACATCAGCTCATC-1,Layer3
GTAACATCTAAGATAA-1,Layer4
GTAACTGCCCAAGGAG-1,WM
GTAACTTGCGGCAGTC-1,Layer3
GTAAGCGGGCAGTCAG-1,Layer3
GTAAGGATTTGTCGGA-1,Layer1
GTAAGTAACAGTCTGG-1,Layer3
GTAAGTAGGGTATACC-1,Layer3
GTAAGTCCACACTCTA-1,Layer3
GTAATAAAGGGCTCCC-1,Layer2
GTAATCTGATTCTTCG-1,Layer5
GTACACTTACCTGAAG-1,Layer3
GTACAGAGGCAAGGGT-1,Layer3
GTACGACGGCGCTGCG-1,Layer3
GTACGAGATTGCGACA-1,Layer3
GTACGCTTCATTGCAC-1,Layer4
GTACGTCACGTATTAA-1,Layer1
GTACGTTTGCCCGTCA-1,Layer4
GTACTAAGATTTGGAG-1,Layer3
GTACTACGGCCTCGTT-1,Layer6
GTACTCCCTTATCGCT-1,Layer5
GTACTCCTGGGTATGC-1,Layer1
GTACTGAGGTCGTAAC-1,Layer2
GTACTGCATGAAGCGT-1,Layer3
GTACTGGAGTTAGACC-1,Layer3
GTACTTGGGCACTTCT-1,Layer3
GTAGAAACGGGTGGAG-1,Layer4
GTAGACAACCGATGAA-1,Layer1
GTAGACACGCCTGACT-1,Layer6
GTAGACGTCGTTACAT-1,Layer3
GTAGAGGGAGACAAGT-1,Layer6
GTAGCCAAACATGGGA-1,Layer5
GTAGCGCTGTTGTAGT-1,Layer1
GTAGCGGCTATACACT-1,Layer3
GTAGCTAGTAAGCGCG-1,Layer1
GTAGCTCCGGGAGGCT-1,WM
GTAGCTTCCTCTTGTT-1,Layer3
GTAGGTGATCCGTGTA-1,Layer1
GTAGTCGCGGGAATCA-1,Layer4
GTAGTCTACGATATTG-1,Layer6
GTAGTGAGCAACCTCA-1,Layer5
GTAGTTAGACAATATA-1,Layer3
GTAGTTCGAAGGCGAA-1,WM
GTATAATCTCCCGGAT-1,Layer3
GTATAGGACTCAGTAG-1,Layer3
GTATAGTGGCCCATGT-1,Layer1
GTATATGTTACGGCGG-1,Layer3
GTATCAAACGTTAGCT-1,Layer4
GTATCAAGGTACTTCC-1,WM
GTATCAGCTTGGGTTC-1,Layer3
GTATCCTTTGGTAACC-1,Layer5
GTATCGGGACGAGCTG-1,Layer3
GTATCTCAGTCTTGAC-1,WM
GTATCTCCCTAACTGT-1,Layer1
GTATCTTGTTGCTCAC-1,Layer1
GTATCTTTCATAACCA-1,Layer4
GTATGAAATTTCACTC-1,WM
GTATGACGTGGGAAAC-1,Layer2
GTATGTGGGTCTAGTT-1,Layer3
GTATTAAGGCGTCTAA-1,Layer3
GTATTAGGGTTCGCGT-1,Layer2
GTATTCTGAGAAACGA-1,Layer5
GTATTCTTACCGTGCT-1,Layer3
GTCAAAGAAGTGGTGT-1,WM
GTCAAAGTTTACATAG-1,Layer3
GTCAACCAGGCCTATA-1,Layer5
GTCAAGCGGACTCGGG-1,Layer3
GTCAATGCTATAATTT-1,Layer1
GTCAATTGTACTGAAG-1,Layer1
GTCACAAAGTTTCCAA-1,Layer1
GTCACCTGTCTATGTC-1,Layer2
GTCACTCTCCAAATCT-1,Layer3
GTCAGAATAGTCTATG-1,Layer4
GTCAGTTGTGCTCGTT-1,Layer1
GTCAGTTTGGTAGTCG-1,Layer5
GTCATCTCCTACAGCT-1,Layer3
GTCATGCACCTCCGTT-1,Layer3
GTCATGCGCGAGGGCT-1,Layer5
GTCATGGACATGACTA-1,Layer3
GTCATTAGAGCGAACG-1,Layer3
GTCATTGCATTGACCC-1,Layer5
GTCCAATATTTAGCCT-1,WM
GTCCACGTCGCATTCG-1,Layer5
GTCCAGGCACGTGTGC-1,WM
GTCCATTACTGCTACG-1,Layer3
GTCCCAACGTAAAGTA-1,Layer3
GTCCCAATCATCCCGC-1,Layer6
GTCCCGCGACGTTATG-1,Layer5
GTCCGAGAGCAATCAT-1,Layer5
GTCCGGACCTGAAATT-1,Layer5
GTCCGGCTGAATTGCG-1,Layer3
GTCCGGGTTCACATTA-1,Layer6
GTCCGTTAGAGGGCCT-1,WM
GTCCTACAGGCGGCTC-1,Layer3
GTCCTACGAATAGTCT-1,Layer4
GTCCTATTGTTGTGGT-1,Layer5
GTCCTTCTACAACCCA-1,Layer4
GTCCTTCTAGTGGGTT-1,Layer1
GTCCTTTAATGACTTC-1,Layer1
GTCGCCGTTGTGTGTT-1,Layer6
GTCGCGTAACCCGTTG-1,Layer3
GTCGGAAGGATACCAG-1,Layer1
GTCGGATATCTCAGAC-1,Layer4
GTCGGATGTAGCGCGC-1,Layer1
GTCGGGAACATGGTAG-1,Layer6
GTCGGGAAGCAGAAAC-1,Layer6
GTCGTACCATCTCGGG-1,Layer5
GTCGTACCTACGATTG-1,Layer5
GTCGTATTGGCGTACA-1,Layer1
GTCGTCAATTATAAGG-1,Layer2
GTCGTGTCTGGTCATC-1,Layer1
GTCGTTATTCGCTTAT-1,Layer4
GTCTAAGATGCCCAGC-1,Layer3
GTCTACTCAATTACAA-1,Layer5
GTCTAGTGAGCCGCTT-1,Layer6
GTCTATCTGAGTTTCT-1,Layer5
GTCTATTGCATGCTCG-1,Layer5
GTCTATTGGTTCCGGT-1,Layer4
GTCTCAAGGCCCGGCT-1,Layer6
GTCTCCGCCTCAATAC-1,WM
GTCTCGACTAAGTTTG-1,Layer1
GTCTCGATCTGCTTTC-1,Layer1
GTCTCGCCAACACGCC-1,Layer1
GTCTGCCGACTCGACG-1,Layer6
GTCTGGGCGGTCGAGA-1,Layer5
GTCTTAGTACAGCCGG-1,Layer1
GTCTTCCTCACCTAAG-1,Layer5
GTCTTGAGGAGCAGTG-1,Layer2
GTCTTGTAGCTATTCA-1,Layer3
GTGAAACGGCGCCACC-1,Layer2
GTGAAACGTGCTCCAC-1,Layer3
GTGAACTCCCATTCGA-1,Layer2
GTGAAGATTTCAAGTG-1,Layer1
GTGAAGCCGTATAGTC-1,Layer1
GTGACAGCTTCCCACT-1,Layer6
GTGACCGCACACTACG-1,Layer3
GTGACGAGGGTGACCC-1,Layer1
GTGACGCAGGTTTCAT-1,Layer6
GTGACTTCAGTAGTGC-1,Layer5
GTGAGATAACCTTATA-1,WM
GTGAGCGTGCTGCACT-1,Layer5
GTGAGGACACTTAAGG-1,Layer3
GTGAGGAGCGGTTGAG-1,Layer1
GTGAGTCTAAGACGGA-1,Layer4
GTGAGTGGTACAACGC-1,Layer5
GTGATCAAGCGTGCAC-1,WM
GTGATCACTAACGCCT-1,Layer3
GTGATCATAGATCTGC-1,Layer5
GTGATCCTTGTCATGA-1,Layer5
GTGATGCACAACATCT-1,Layer1
GTGATTCGCCGCTCAA-1,Layer5
GTGCAACAAATGTGGC-1,Layer1
GTGCACCAGCTTCAAC-1,WM
GTGCACGAAAGTGACT-1,Layer1
GTGCCATCACACGGTG-1,Layer5
GTGCCCGTTCGGATTC-1,Layer3
GTGCCGCTTCAAAGGT-1,Layer5
GTGCCTAGCTATGCTT-1,Layer3
GTGCCTCAGTGTACGG-1,Layer1
GTGCCTGAGACCAAAC-1,Layer6
GTGCGAAATCGAACAC-1,Layer5
GTGCGACAGGGAGTGT-1,Layer3
GTGCGCAGCTTGCTCC-1,Layer2
GTGCGCTTACAAATGA-1,Layer1
GTGCGGGACCATCGGC-1,Layer2
GTGCGGGTCTCCAAAT-1,Layer3
GTGCGTGTATATGAGC-1,Layer3
GTGCTCAAGTACTGTC-1,Layer3
GTGCTGCAGATAAGGA-1,Layer5
GTGCTGTTAGAACATA-1,WM
GTGCTTACATCAGCGC-1,Layer3
GTGGAACCTACATGCG-1,Layer1
GTGGACCAACCCGATT-1,Layer5
GTGGACGCATTTGTCC-1,Layer5
GTGGACGTGCTGAGAC-1,Layer3
GTGGAGTCGGCGGTTG-1,Layer6
GTGGCAAACAGCGGCA-1,Layer6
GTGGCCTAATATCATT-1,Layer5
GTGGCGGGCCGTAGCT-1,Layer1
GTGGCGGTCCCAGCGT-1,Layer5
GTGGCGTGCACCAGAG-1,Layer2
GTGGCTGTTTCTGTTC-1,Layer6
GTGGGAACAAACCGGG-1,WM
GTGGGAAGACTGAATC-1,Layer6
GTGGGCTTAGACACAC-1,Layer3
GTGGGTCTTCTTTGCG-1,Layer2
GTGGTATAGTCTGCCG-1,Layer6
GTGGTCAGCGAAGTAT-1,Layer1
GTGGTGGCCAAGTGAA-1,Layer4
GTGGTTACTTCTTTCG-1,Layer2
GTGGTTTCCGCCTTTC-1,Layer5
GTGTACCTTGGCTACG-1,Layer3
GTGTATATCAGCGGGC-1,Layer5
GTGTATGACTTTAAAG-1,Layer1
GTGTCAGTGTACGTGG-1,WM
GTGTCCGATAAGGCAT-1,Layer2
GTGTCGTATAGCGTTC-1,Layer5
GTGTCGTATTCACCTT-1,Layer2
GTGTGAATAACTTAGG-1,Layer3
GTGTGAGCCGAGGTGC-1,Layer1
GTGTGTCGACGTCGCT-1,Layer3
GTGTTACTATGCGTCC-1,Layer3
GTTAAAGTAGGACTGG-1,Layer4
GTTAACATCACTTAAA-1,Layer5
GTTAACTATGTTGTCA-1,Layer3
GTTAAGGGTGCGATGT-1,Layer6
GTTAAGTTAGAGTGGG-1,Layer2
GTTAATGTCTATCTTA-1,Layer5
GTTACAATTGGTGACG-1,Layer5
GTTACCTACAACTTGC-1,Layer4
GTTACGAAATCCACGC-1,Layer1
GTTACGGCCCGACTGC-1,Layer1
GTTACTTTGGGCCTAG-1,Layer5
GTTAGAGTGTGCCGCT-1,Layer1
GTTAGCCCATGACATC-1,Layer6
GTTAGCCGTAAATCAA-1,Layer1
GTTAGGCTACCCGTTT-1,WM
GTTATAATACGGTGAA-1,Layer4
GTTATATCAGGAGCCA-1,Layer1
GTTATATTATCTCCCT-1,Layer5
GTTATCAAGCTATCGA-1,Layer6
GTTATCACCTTCTGAA-1,Layer1
GTTATTAAATACGACC-1,Layer1
GTTATTAACGTGGGAG-1,Layer3
GTTCAAATCAGATGTC-1,Layer4
GTTCAATCTATGTCAA-1,Layer1
GTTCACAGGAGTCTAG-1,Layer4
GTTCAGTCGCCAAATG-1,WM
GTTCATCGTTTGGCTG-1,Layer2
GTTCCAAGACAGCGAC-1,Layer2
GTTCCAGTCTGACCAT-1,Layer3
GTTCCCGTAAACATAT-1,Layer4
GTTCCGTCCGCCTGCA-1,WM
GTTCGCCATAAGTGCC-1,Layer4
GTTCGCTGAGACGTCT-1,Layer3
GTTCGGAGCACTCAAC-1,Layer5
GTTCGGATCGGGAACA-1,Layer3
GTTCGGGCGTACCATT-1,Layer2
GTTCGTCTAAAGAACT-1,Layer4
GTTCGTCTGGGTCCCT-1,Layer1
GTTCGTTGCGGACCAG-1,Layer1
GTTCTTCCCTCGATGT-1,Layer3
GTTCTTGTAACTCAAT-1,WM
GTTGAACCGGTTCCAT-1,Layer5
GTTGAGTCCCGCCGGT-1,Layer5
GTTGCACGGAGTTTCG-1,Layer3
GTTGCGCTAACATTAC-1,Layer3
GTTGGACCGCATCAGG-1,Layer1
GTTGGATTCAGTGGCT-1,Layer1
GTTGGATTGAGAACAC-1,Layer3
GTTGGATTTGCGTTGG-1,Layer4
GTTGGTCATGCTATCC-1,Layer5
GTTGTAGATTTATGAG-1,WM
GTTGTCGTGTTAGTTG-1,Layer3
GTTGTTACATTGCGCT-1,Layer1
GTTTACGTTCCATCTG-1,Layer5
GTTTATGGGATTTAGA-1,Layer4
GTTTCAAACGAGTTGT-1,Layer5
GTTTCATATCGTCGCT-1,Layer5
GTTTCCTGGAGGGTGA-1,Layer3
GTTTCTAGAGGCGCGG-1,Layer6
GTTTCTGCAGTCTCCC-1,Layer3
GTTTGACCAAATCCTA-1,Layer3
GTTTGAGCGGTTATGT-1,Layer1
GTTTGGCCCAAGTTAT-1,Layer3
GTTTGGCCGCTCAGCG-1,Layer3
GTTTGGCGTCAGGCAC-1,Layer3
GTTTGGGCTTGTGAGC-1,Layer5
GTTTGGGTTTCGCCCG-1,Layer5
GTTTGGTAGGGTCAAC-1,Layer5
GTTTGGTGATCGGTGC-1,WM
TAAACCCAGGAGGGCA-1,Layer6
TAAACGTCGTCAATGA-1,Layer3
TAAAGACAACCCTTTA-1,Layer3
TAAAGAGCCCGAAACC-1,Layer2
TAAAGCGGTATTTCCA-1,WM
TAAAGCGTTAGGAGAA-1,Layer2
TAAAGCTGCAATAGGG-1,Layer1
TAAAGGAGAAACTAGT-1,Layer1
TAAATCTTTACACCTC-1,Layer1
TAAATGAATCCGTTTC-1,Layer3
TAAATGCCGTCTCATG-1,Layer1
TAAATTGTGGGTAAAG-1,WM
TAAATTTAGTAACACC-1,WM
TAACAAAGGGAGAAGC-1,Layer3
TAACAATATTTGTTGC-1,Layer4
TAACAGCGTTTGTGCT-1,WM
TAACAGGTTCCCTTAG-1,WM
TAACATACAATGTGGG-1,Layer3
TAACATACACGCGATC-1,WM
TAACCGCCCGCAGTGC-1,Layer2
TAACCGTCCAGTTCAT-1,Layer2
TAACCTACCGTCCGAG-1,Layer3
TAACCTAGGGAGTCCA-1,Layer5
TAACGCTTTGAGAGCG-1,Layer3
TAACTATCGAAGGTCC-1,Layer3
TAACTATTACGCCAAA-1,Layer1
TAACTCATCCGCGCGG-1,Layer5
TAACTCCATGGAGGCT-1,Layer3
TAAGATTTAGCGGGAG-1,Layer1
TAAGCAGGCGACACGC-1,Layer5
TAAGCCCTTACGACCA-1,Layer1
TAAGGAACTTGTGGGA-1,Layer3
TAAGGCAACATAAGAT-1,Layer3
TAAGGCATAACATCAA-1,Layer6
TAAGGCCCGTCACCCT-1,Layer6
TAAGGCTGAATCCCTC-1,Layer3
TAAGGGCCTGTCCGAT-1,Layer5
TAAGGGCTGGGAGAGG-1,Layer5
TAAGTAAATGTGCCGC-1,Layer1
TAAGTAACATCTTGAC-1,Layer5
TAAGTCGCCGAGTATC-1,Layer6
TAAGTTGCGACGTAGG-1,Layer4
TAATAAACAAGGAGAT-1,Layer1
TAATACACAGTAGTAT-1,Layer3
TAATACTAGAACAGAC-1,Layer6
TAATAGAACAGAGTTA-1,Layer6
TAATAGGTCACCAGAA-1,WM
TAATAGTGACGACCAG-1,Layer3
TAATATTGAAATTCGC-1,Layer3
TAATCAGGAATGCTGC-1,Layer3
TAATCGATCCGTACGT-1,Layer1
TAATGAAAGACCCTTG-1,Layer4
TAATTACGTCAGTAGA-1,Layer5
TAATTAGATGGATATG-1,Layer3
TAATTAGGACATCCGT-1,Layer3
TAATTGGAATCGGGAA-1,Layer1
TAATTTCCGTCCAGTA-1,Layer6
TACAAATTGCGGAGGT-1,Layer1
TACAACGCACAACTCA-1,Layer5
TACAAGCTGTTCACTG-1,Layer1
TACAAGGGCTTCTTTA-1,Layer6
TACAAGTCTCGTGCAT-1,Layer4
TACAATGAAACCAGCA-1,Layer1
TACACAGCCGTGGTGC-1,WM
TACACCGTCGTTAGTC-1,Layer1
TACACCTCTTCGAATC-1,Layer6
TACAGAAACGGTGGGC-1,Layer5
TACATAGGCATACACC-1,Layer4
TACATCCCTATCCCTG-1,Layer6
TACATCTTGTTTCTTG-1,Layer3
TACATGACCTTATCCG-1,Layer4
TACATTTCTAACGTGC-1,Layer4
TACCAAATAGCCCAGA-1,Layer6
TACCAATAAAGTACCA-1,Layer5
TACCAGAAGTAGGTTC-1,Layer5
TACCAGCTAGGTTTAA-1,Layer1
TACCAGGAATCCCGTC-1,WM
TACCGAATAATTGTAA-1,Layer6
TACCGCGGACTTGCAG-1,Layer3
TACCGGCTCACTGCCC-1,Layer5
TACCGGTCGTTTCCAT-1,Layer5
TACCGTAGGTTAACTA-1,Layer6
TACCGTGCCTCGGACC-1,Layer5
TACCTACTCCCAGTAT-1,Layer6
TACCTATCCCTAGAGG-1,Layer6
TACCTCACGCTTGTAC-1,Layer3
TACCTCAGTTGTCTGT-1,Layer6
TACCTCCACACCAATG-1,WM
TACCTGCTGCACTGTG-1,Layer4
TACCTTAAGATTTCCC-1,Layer6
TACGAACACGACTTCA-1,Layer3
TACGACGCTTGCTGCG-1,Layer5
TACGACTGCCTCTTAG-1,Layer4
TACGAGAACTTCACGT-1,Layer4
TACGATCCAAGCCACT-1,Layer3
TACGATGTTGATCATC-1,Layer4
TACGCAGTTCTTTCCT-1,Layer4
TACGCCATATTCTAAT-1,Layer4
TACGCCGAGGGTACCC-1,WM
TACGCCTCCATTCCGA-1,Layer5
TACGCTATAGAAACCT-1,Layer3
TACGCTCGGTATTGGA-1,Layer5
TACGGAAGCCAAACCA-1,Layer6
TACGGCATGGACGCTA-1,Layer5
TACGGGATGCTAGCAG-1,Layer1
TACGGGTAATAACATA-1,Layer6
TACGTAAAGCGGAGTG-1,Layer5
TACGTACTAGTGCTGA-1,WM
TACGTGCACTATGCTG-1,Layer3
TACGTGGGCCCAGGGC-1,Layer6
TACGTTTACCGGCAAT-1,Layer5
TACTACGTGCAATGCG-1,Layer6
TACTATGGTTCCTCAG-1,Layer6
TACTCCTCTAGTTGAC-1,WM
TACTCGGCACGCCGGG-1,Layer5
TACTCGTTTGAATCAA-1,Layer6
TACTCTCCGAACAAAT-1,Layer2
TACTCTTACTTTACTG-1,Layer4
TACTCTTTCGTCTTCA-1,Layer6
TACTGAACAGATTTAG-1,Layer6
TACTGCAATCAATTAC-1,Layer1
TACTGGACAGCTCGGC-1,Layer5
TACTGTTTCTCTGGTA-1,Layer3
TACTTAAACATGTACA-1,Layer5
TACTTGTTAGTAGTCC-1,Layer3
TACTTTACTGAGCCGG-1,Layer2
TACTTTCCGCACGCCA-1,Layer6
TAGAAACACAATAGTG-1,Layer3
TAGAAACCACTAAGTA-1,Layer1
TAGAAAGGTGGCGCTA-1,Layer3
TAGAAATTCACGTATA-1,Layer5
TAGAATAGCCGATGAA-1,Layer5
TAGAATTAAGGGCAAC-1,Layer1
TAGACGAAACGCCAAT-1,Layer6
TAGACGCCCGTACCGG-1,Layer3
TAGACTACCTAGCGTT-1,Layer3
TAGAGATCATGCAACT-1,Layer5
TAGAGCTACGAAGAAC-1,Layer2
TAGAGGGAGTTTATCT-1,WM
TAGAGGTTCTACTTGT-1,Layer4
TAGAGTCTAAGCGAAC-1,Layer3
TAGATATGGACTGGAA-1,Layer5
TAGATCCGAAGTCGCA-1,Layer1
TAGATGGTTCCTTACT-1,Layer5
TAGATTCAAAGTGCGG-1,WM
TAGATTCCTGGTTATT-1,Layer5
TAGCAACCTGTCACAA-1,Layer3
TAGCAGATACTTAGGG-1,Layer6
TAGCAGTAAATACGCG-1,Layer3
TAGCAGTATGACTAAA-1,Layer5
TAGCCAGAGGGTCCGG-1,Layer3
TAGCCATTTCAAAGTC-1,Layer3
TAGCCGGCGGTCAGCG-1,Layer3
TAGCGTCCCTCGATTG-1,Layer3
TAGCGTCCGGTGTGGT-1,Layer5
TAGCGTCGAATATTGA-1,Layer5
TAGCGTTGGGTCTTAC-1,Layer3
TAGCTAAGTCCGGGAG-1,Layer3
TAGCTAGAAGGCATGA-1,Layer5
TAGCTAGTGATGATGG-1,Layer6
TAGCTCAGATCCTAGT-1,Layer2
TAGCTCGCCTGATAAC-1,Layer5
TAGCTGATGTGAAGCG-1,Layer6
TAGGAACAGCCTCCAG-1,Layer1
TAGGATCTTAACCGCA-1,WM
TAGGCATGTTACGCCA-1,Layer2
TAGGCCTATATAGTCT-1,Layer5
TAGGCTAAAGTGGCAC-1,Layer5
TAGGGAGCTTGGGATG-1,Layer3
TAGGGTGTTTCAAGAG-1,Layer3
TAGGTCCAAGTAAGGA-1,Layer4
TAGGTCGCCGGAACTG-1,Layer2
TAGGTGACGATAACCT-1,Layer5
TAGGTGAGCCCTACTC-1,Layer3
TAGGTGCTCGCCTAGC-1,Layer3
TAGGTGTTCCACAGAT-1,Layer6
TAGGTTCGAGTTCGTC-1,Layer3
TAGGTTCTGCTGAGAA-1,WM
TAGTACCTTAGTGGTC-1,Layer3
TAGTAGCTTATACCAG-1,WM
TAGTCCCGGAGACCAC-1,WM
TAGTCCGCAGAGAATG-1,Layer4
TAGTCCGTATGCATAA-1,Layer3
TAGTCGATCACGGGTT-1,Layer3
TAGTCGGGATTCTTCG-1,Layer3
TAGTCTAACAACGAGA-1,Layer5
TAGTCTGCGGCACATT-1,WM
TAGTCTGTGACGTTGC-1,Layer1
TAGTCTTTCCGAATTG-1,Layer3
TAGTGAGAAGTGGTTG-1,Layer1
TAGTGCCCTCCAGAGT-1,Layer3
TAGTGCTTGAATCCTT-1,Layer3
TAGTGGAACTCATACA-1,Layer1
TAGTGTCAGAAACGGC-1,Layer3
TAGTTAAGATAGGATA-1,Layer1
TAGTTTATTCTTGCTT-1,Layer2
TATAAATCCACAAGCT-1,Layer3
TATAAGTGAGGATAGC-1,Layer3
TATACACAGACGCCTT-1,Layer5
TATACACGCAAAGTAT-1,Layer3
TATACGCGTCATCACT-1,Layer6
TATACTCATGCGGCAA-1,Layer3
TATAGAGTCGCTTGAA-1,WM
TATAGATGGTCGCAGT-1,Layer3
TATAGCGCACGTTATC-1,Layer6
TATAGGGTACTCATGA-1,Layer5
TATATAGGGCTTTACG-1,WM
TATATATCGAGAAATG-1,WM
TATATCAAAGTGATCT-1,WM
TATATCATTGATCAGT-1,Layer5
TATATCCCTGGGAGGA-1,Layer3
TATATGCTGGGTTGCC-1,Layer4
TATATTACAAATGTCG-1,Layer1
TATATTCGCGTCGATA-1,Layer1
TATCAAAGGTCTGTAA-1,Layer5
TATCACAGCACGGGCA-1,Layer1
TATCACCATGTAAAGT-1,Layer1
TATCACCCAACCGACC-1,Layer1
TATCACTTCGAGTAAC-1,Layer1
TATCCAATTGGTTATC-1,Layer5
TATCCATATCATGCGA-1,Layer3
TATCCCTCGATCTGCA-1,Layer6
TATCCGCACCGTCGGG-1,Layer6
TATCCTATCAACTGGT-1,WM
TATCCTGCATGGGAAT-1,Layer2
TATCGATCTATGCATA-1,Layer1
TATCGATGATTAAACG-1,Layer3
TATCTACAGAGGTAAT-1,Layer4
TATCTACCACAGCGGG-1,Layer4
TATCTAGCCTAAAGGA-1,Layer5
TATGAAGAATTAAGGT-1,Layer5
TATGAAGACAGGTGCG-1,Layer4
TATGATAAATCTAACG-1,Layer1
TATGATCCGGCACGCC-1,Layer1
TATGATCTTCTCTTTA-1,Layer5
TATGATTCTGCTTGGT-1,Layer2
TATGCTCCCTACTTAC-1,Layer3
TATGGAGTTTCTCGTT-1,Layer2
TATGGATGTGCTACGC-1,Layer3
TATGGCAGACTTTCGA-1,Layer1
TATGGCCCGGCCTCGC-1,Layer4
TATGGGACCGAGCAGG-1,Layer3
TATGGGTACGTATCGT-1,Layer3
TATGGTCTGAGTAACA-1,Layer3
TATGGTTAGTGGGAGA-1,Layer3
TATGTAAAGTGCTTAA-1,WM
TATGTCAAGACCGACT-1,Layer1
TATGTCTCATTGTGCC-1,Layer3
TATTAACCTGACCGCG-1,Layer6
TATTACCATCCTGCTT-1,Layer3
TATTATGTTTGCCTGC-1,WM
TATTCAATTCTAATCC-1,Layer3
TATTCCACTCAGCTCG-1,Layer5
TATTCCGAGCTGTTAT-1,Layer5
TATTCCGGCAGTCCTA-1,Layer1
TATTCCTCCGCCCACT-1,Layer6
TATTCGTGCCAGAATA-1,Layer3
TATTGACATTTCTGCC-1,Layer1
TATTGCCGGGCTTGTA-1,Layer5
TATTTAGTCTAGATCG-1,Layer3
TATTTATACCGAGTAG-1,Layer1
TATTTGATTTGCACAG-1,Layer3
TATTTGTTACCCTTTA-1,Layer3
TCAAACAACCGCGTCG-1,Layer3
TCAAACAATTAGGACA-1,Layer3
TCAAACTTAGATTGTT-1,Layer3
TCAAATTGTTGTGCCG-1,Layer6
TCAAATTTGAGACTCA-1,Layer6
TCAACAAAGATAATTC-1,Layer6
TCAACACATTGGGTAA-1,Layer3
TCAACATAGCGCCCTA-1,Layer6
TCAACATCGACCGAGA-1,Layer6
TCAACCATGTTCGGGC-1,Layer3
TCAACGAGGAGACAAA-1,Layer4
TCAACGCAGGAAATAA-1,Layer6
TCAACGCGACCGGCAG-1,Layer5
TCAACTAACGTATAAC-1,Layer5
TCAACTGCAGAGTCAG-1,Layer4
TCAAGAAATACTAGCT-1,Layer2
TCAAGCGCGGACGGTA-1,Layer4
TCAAGGTTACTACACC-1,Layer3
TCAATACAATTGCTGC-1,Layer5
TCAATACGCCGTCATG-1,Layer6
TCACAAACCGAGGTAC-1,Layer5
TCACAGATCCTCAAAC-1,Layer3
TCACAGCAAACTCGAA-1,Layer5
TCACAGGAGAATAAGA-1,Layer6
TCACAGGGAATCGCAA-1,Layer4
TCACAGGTTATTGGGC-1,Layer3
TCACATCTTATCTGAT-1,Layer4
TCACCCTCTTAAGATT-1,Layer5
TCACCGCTCGGCACTC-1,Layer3
TCACGATGTCCGTGGA-1,Layer6
TCACGCATTGTAGATC-1,Layer3
TCACGGTCATCGCACA-1,Layer3
TCACGTGCCCGATTCA-1,Layer3
TCACTACGACCAATGC-1,Layer1
TCACTATCCCTTCGGT-1,Layer6
TCACTATCGTGCAATC-1,Layer1
TCACTCAGCGCATTAG-1,Layer1
TCACTCGTGCAACGGC-1,Layer1
TCACTCTTCGTCTGTC-1,Layer3
TCAGAACCTCCACAGG-1,Layer2
TCAGAACGGCGGTAAT-1,Layer6
TCAGACGCTATAGAAG-1,Layer4
TCAGAGGACGCGTTAG-1,Layer6
TCAGATGGAGACGTAG-1,Layer2
TCAGCAAATGCATCTC-1,Layer3
TCAGCAGTAGGCCCTG-1,WM
TCAGCCAATCCGTAAA-1,Layer5
TCAGCGCACGCCGTTT-1,Layer6
TCAGGGCGACTTCCTT-1,Layer5
TCAGGGCGCAAACTCG-1,Layer3
TCAGGGTGCACGAAAC-1,Layer1
TCAGGGTGTAACGTAA-1,Layer3
TCAGGTTCTTTGAGAA-1,Layer3
TCAGTACTGACCCGCG-1,Layer3
TCAGTAGGGACTATAA-1,Layer5
TCAGTGTATACGTCAT-1,WM
TCAGTTACGGAATGAT-1,Layer1
TCATACTTACAGATCC-1,Layer3
TCATATGAGCTTTGTT-1,Layer6
TCATCACTCGAGCTCG-1,Layer3
TCATCCCAGAGGGTGG-1,Layer1
TCATCCTCAGCTGCTT-1,Layer6
TCATCGACGACCGTCG-1,Layer6
TCATCGATGGTCCCAA-1,WM
TCATGCAGGTTCTCAT-1,Layer1
TCATTCGTATAATTTG-1,Layer2
TCATTTAAGTCTCCGA-1,Layer3
TCATTTAGAAGTGTGA-1,Layer4
TCCAACTCAGCTATCT-1,Layer6
TCCAACTTTAAATTCT-1,Layer5
TCCAAGCCTAGACACA-1,Layer6
TCCAATAAAGGCTACC-1,WM
TCCACAATGGTTTACG-1,Layer3
TCCACATCGTATATTG-1,WM
TCCACCAAGACATAGG-1,Layer6
TCCACCTCTAGCCTTT-1,Layer6
TCCACTTTATCTAGGT-1,Layer3
TCCAGAGCACCGGTTC-1,Layer3
TCCAGATGTACGCCAA-1,Layer1
TCCAGCGCTATAAGCG-1,Layer3
TCCAGGCAGGACGATC-1,WM
TCCAGGCGAGTACGGT-1,Layer3
TCCAGGGTATATACGA-1,Layer6
TCCATTAGTTGGATAG-1,Layer2
TCCATTCCCACTAGAG-1,Layer1
TCCATTGTGACCTCGT-1,Layer1
TCCCAAACAGACAACG-1,Layer1
TCCCAAAGACGAAGGA-1,Layer3
TCCCAAAGCCCTAAAT-1,Layer3
TCCCACGGAGGGAGCT-1,Layer1
TCCCACTCTCTTCCGG-1,Layer2
TCCCAGCTTTAGTCTG-1,Layer3
TCCCAGGCTTAGCTAA-1,Layer3
TCCCGCGTACTCCTGG-1,Layer3
TCCCGGGTGTGCTGCT-1,Layer4
TCCCGGTCAGGAATTT-1,Layer2
TCCCGTCAGTCCCGCA-1,Layer3
TCCCGTCGCGTCATAG-1,Layer1
TCCCGTGTGCAATTTG-1,Layer3
TCCCTAGATCAATAGG-1,Layer1
TCCCTCCGAAATCGTT-1,Layer1
TCCCTCTTCTCAAGGG-1,Layer5
TCCCTGGCGTATTAAC-1,WM
TCCCTGGCTCGCTGGA-1,Layer4
TCCCTTAGATTACTCG-1,Layer1
TCCCTTGTCTGAAACT-1,Layer5
TCCGAACTTGGCTTAC-1,Layer5
TCCGAAGTAGTCACCA-1,Layer1
TCCGAATGGTCCTGAG-1,Layer1
TCCGACCGCTAATCAA-1,WM
TCCGAGAAGGCTAAGC-1,Layer1
TCCGATAATTGCCATA-1,Layer2
TCCGATGACTGAGCTC-1,Layer2
TCCGATGGTGCGACAT-1,Layer3
TCCGATTACATTGCCG-1,Layer4
TCCGCAGCCACCTAGC-1,Layer3
TCCGCCTGTCTACAAG-1,Layer5
TCCGCGGCAGCATCTG-1,Layer3
TCCGCGGCCCAATGAA-1,Layer4
TCCGCTGTCATCCCGG-1,Layer4
TCCGCTTATCCCATTA-1,Layer5
TCCGGAGGAAGGGCTG-1,Layer1
TCCGGCCTAGCGTACA-1,Layer2
TCCGGCCTGCATCGAT-1,Layer1
TCCGGGCTTGACGGGA-1,Layer5
TCCGGTTCGTCCGGTC-1,Layer5
TCCGTAACCACAATCC-1,Layer3
TCCGTTAAGCTAATAT-1,Layer4
TCCGTTTAGCCTTGAA-1,Layer3
TCCTAAAGATTCAGAC-1,Layer6
TCCTAAATTGGGAAGC-1,Layer5
TCCTAACCGTCGGGCA-1,WM
TCCTACATCCACGGCC-1,Layer3
TCCTAGCAAAGAAGCT-1,Layer5
TCCTCCTAAGACATTC-1,Layer6
TCCTCGGGCTGGGCTT-1,Layer3
TCCTCTACGAGATGGC-1,Layer3
TCCTCTCCAGTTGTCC-1,Layer4
TCCTCTGGCCCATTAG-1,Layer1
TCCTGCCAACTGGAGA-1,Layer1
TCCTGCGTTGATACTC-1,Layer5
TCCTGGCGCTGCCTGG-1,Layer1
TCCTTACGACGGTCCG-1,Layer3
TCCTTCAATCCCTACG-1,Layer6
TCCTTCAGTGGTCGAA-1,Layer1
TCCTTGTCCTTTAATT-1,Layer6
TCCTTTAAATCCGCTT-1,Layer5
TCCTTTCTTACGCTTA-1,Layer3
TCGAAATTTAGGACCA-1,Layer3
TCGAAGAACCGAGCAC-1,Layer3
TCGAATATCCCGCAGG-1,WM
TCGAGACCAACACCGT-1,Layer4
TCGAGCCAGGCAGGCC-1,WM
TCGATAGGCTAGTCGC-1,Layer1
TCGATTTACGAAACGA-1,WM
TCGCAAAGATGCATTT-1,Layer4
TCGCACCAGGAGGCAG-1,Layer4
TCGCACTAACGTTTGT-1,Layer3
TCGCATAAAGGGCGCA-1,Layer5
TCGCATCCCTAAGTGT-1,Layer3
TCGCATTCAATGACTT-1,Layer3
TCGCCCAACTGACTCC-1,Layer1
TCGCCCACTGCGAGAG-1,Layer5
TCGCCGAAGTTGCGTC-1,Layer5
TCGCCGACATATTCGC-1,Layer6
TCGCCGCACCGCGTGA-1,Layer6
TCGCCGGATGGGCAAG-1,Layer5
TCGCCGGTCGATCCGT-1,Layer3
TCGCCTCCTTCGGCTC-1,Layer6
TCGCCTCGACCTGTTG-1,Layer3
TCGCGTAGCAGTGTCC-1,Layer5
TCGCGTCCAGAAGGTC-1,Layer4
TCGCTAAACCGCTATC-1,Layer1
TCGCTACTGGCTTTGA-1,Layer6
TCGCTCGATATATTCC-1,Layer3
TCGCTCGGCACCAGCG-1,Layer1
TCGCTGCCAATGCTGT-1,Layer6
TCGCTGGGCGGATTGT-1,Layer3
TCGCTGTGCGTAAATC-1,Layer3
TCGCTTAATTACGAAG-1,Layer1
TCGCTTTAAACGTTTG-1,Layer2
TCGGAATGACCATCAA-1,Layer1
TCGGAATGCGCTCTGA-1,Layer4
TCGGACGCCCAGCCCA-1,Layer3
TCGGAGAGTATCGGGA-1,Layer6
TCGGAGTACATGAGTA-1,Layer3
TCGGCGAACCCAAACC-1,Layer3
TCGGCGGTATTAGATT-1,Layer3
TCGGCGTACTGCACAA-1,WM
TCGGCTAACTTCCCTT-1,Layer1
TCGGCTTGTATCGACG-1,Layer5
TCGGGAACGTGCCTAG-1,Layer1
TCGGGAGACAGCGTAC-1,Layer5
TCGGGATTCAAACATA-1,Layer5
TCGGGCACTTCTGGAT-1,Layer1
TCGGGCCGTCGTGGTA-1,Layer3
TCGGGTGAAACTGCTA-1,Layer1
TCGGTCCCGACAATAG-1,WM
TCGGTCCCTGACTCCA-1,Layer1
TCGGTGACCGCTCCGG-1,Layer1
TCGGTTAGCCATGTAG-1,Layer1
TCGTAACTCCCAAGAC-1,Layer5
TCGTAAGACGACATTG-1,Layer3
TCGTAAGCTCCGAGGA-1,Layer1
TCGTACCGACGTCAAG-1,WM
TCGTATAGTGCAATTA-1,Layer1
TCGTATCACCAAGCTA-1,Layer3
TCGTATTACCCATTGC-1,Layer5
TCGTATTTCGTCCGGA-1,Layer1
TCGTCAAGTACGCGCA-1,Layer6
TCGTCACACTGTTAGC-1,Layer4
TCGTCCGCTGGCGTCT-1,Layer3
TCGTCCGGGTACACTC-1,Layer2
TCGTCTTAGGCGTTAA-1,Layer5
TCGTGTACTATGGATG-1,Layer4
TCGTGTATTGGTCACG-1,Layer3
TCGTGTCACGCTGACA-1,Layer5
TCGTGTTCGACCACAA-1,Layer4
TCGTTAGGAGTCCCTA-1,Layer5
TCGTTCGTTATTATGT-1,Layer1
TCGTTGACAGGGTCCC-1,Layer5
TCGTTGCTATCCGGTC-1,Layer6
TCGTTGGCTCGTCAAT-1,Layer3
TCGTTTACGCGACCCT-1,Layer6
TCTAACTGTATGTAAA-1,Layer5
TCTAATACTGCCTCAG-1,WM
TCTACACGTTCATGCA-1,Layer1
TCTACCCAATAGAGAG-1,Layer4
TCTACCGTCCACAAGC-1,Layer3
TCTACGGGCTCAGTTG-1,Layer1
TCTAGCAATCTCCGCC-1,Layer5
TCTAGCATCTTCGATG-1,Layer3
TCTAGCATGCCCAGAA-1,Layer5
TCTAGGTGGCGACGCT-1,Layer2
TCTAGTGATATCGTGG-1,Layer3
TCTAGTTATCAGAAGA-1,Layer3
TCTATAGGTGGGTAAT-1,Layer5
TCTATCATGCAGTTAC-1,Layer3
TCTATCCGATTGCACA-1,Layer6
TCTATCGGTCGCAACA-1,Layer3
TCTATGCTATAACGAC-1,Layer5
TCTATTACGCTGGCGA-1,Layer3
TCTATTACTAGAGGAT-1,Layer5
TCTCAAATCAATCGGG-1,Layer6
TCTCATGAGATAGGGT-1,Layer4
TCTCCAACGTAGGTTA-1,Layer2
TCTCCACAAGTTGAAT-1,Layer5
TCTCCCTGGGCAGCGT-1,Layer5
TCTCGAACGAGGTCAC-1,Layer1
TCTCGACGTATCGCCG-1,Layer3
TCTCGAGGAGGTTCGC-1,Layer3
TCTCGGCTCCAGGACT-1,Layer3
TCTCGTGTTACGAGGA-1,Layer6
TCTCTAATAGCTGGTA-1,Layer3
TCTCTCGCCGCACATA-1,Layer4
TCTCTTACCGCGAACC-1,WM
TCTGAACCGGTCGGCT-1,Layer3
TCTGAACTCGTACCCG-1,Layer3
TCTGAAGCACGTGGTC-1,Layer5
TCTGAATTCCGTACAA-1,Layer3
TCTGACTGTAATGGTT-1,Layer3
TCTGAGCAATTGACTG-1,Layer3
TCTGATCGGGTGCTAG-1,Layer1
TCTGATGTATTCTGTC-1,Layer4
TCTGCAGATTCGAGTC-1,Layer5
TCTGCATACCTTGCTT-1,Layer5
TCTGCCAGAAACTGCA-1,Layer3
TCTGCGAATCGTTCGC-1,Layer1
TCTGCGTCCGGTTTCT-1,Layer3
TCTGGCGCAAGCCGGG-1,Layer5
TCTGGGAACCTTTGAA-1,Layer3
TCTGGGTAGCGCTCAT-1,Layer5
TCTGTCATACAAGAGC-1,Layer2
TCTGTGACTGACCGTT-1,Layer2
TCTGTGATGGAGGTTG-1,Layer2
TCTGTGCCATCATAGT-1,Layer3
TCTGTGGCTACATTTC-1,Layer1
TCTGTTACCCAGCATA-1,Layer6
TCTTAACTCGGATGTA-1,Layer3
TCTTACAGAGGTACCG-1,Layer3
TCTTACCGGAACTCGT-1,Layer1
TCTTACGGCATCCGAC-1,Layer3
TCTTACTTATGCCTCT-1,Layer3
TCTTAGAGCTCCAATT-1,Layer3
TCTTAGAGTGAACTCT-1,Layer3
TCTTATGGGTAGTACC-1,Layer1
TCTTCCCATGGGCACA-1,Layer3
TCTTCGAATAGACGTT-1,Layer3
TCTTCGATACCAATAA-1,Layer3
TCTTCGCGGTGAGAGG-1,Layer4
TCTTCTATAACCCGCC-1,Layer3
TCTTGATGCGTAGCGA-1,Layer3
TCTTGCTCCCGATACT-1,Layer6
TCTTGGTAACACCAAA-1,Layer3
TCTTTAAGACTATGAA-1,Layer3
TCTTTAGAGTCTAACA-1,Layer3
TCTTTAGCAGGCGAAC-1,Layer1
TCTTTCTCTTAAGGAG-1,Layer1
TGAAACCTCAACTCAC-1,Layer1
TGAAACTTATGCAAGC-1,Layer1
TGAAAGGACCTGACTC-1,Layer3
TGAACAAGCAGGGACT-1,WM
TGAACACCCGAAGCAG-1,Layer2
TGAACTGCTATGACTT-1,Layer6
TGAAGAGCGGTCCTAG-1,Layer3
TGAAGTAGCTTACGGA-1,Layer3
TGAATACCGACGCGTA-1,Layer6
TGAATATGCTATAAAC-1,Layer1
TGAATGAGATACAGCA-1,Layer1
TGAATGAGTGTTTCCC-1,WM
TGAATGTCAGCCGGCC-1,Layer3
TGAATTTCACTTGCCT-1,Layer6
TGACACTTCTCTTTGC-1,Layer1
TGACATATATGACGAT-1,Layer6
TGACATCGAGCGGACC-1,Layer3
TGACATGTAACGTGAC-1,WM
TGACCAAATCTTAAAC-1,Layer6
TGACCAGCTTCAAAGT-1,Layer1
TGACCCAACTCACATT-1,Layer1
TGACCCACGTTAGACA-1,Layer3
TGACCCAGCATTCCCG-1,Layer2
TGACGAATATTTCCCT-1,Layer6
TGACGATGCACTAGAA-1,Layer3
TGACTATAATCCTTTC-1,Layer4
TGAGAATGCTTTACCG-1,Layer3
TGAGACGTACCTCTCA-1,Layer6
TGAGAGATTTACCACG-1,Layer3
TGAGATCAAATACTCA-1,Layer1
TGAGATTAGGCCCTAA-1,Layer1
TGAGCAGTCGTGAAGT-1,Layer1
TGAGCCATACAGTCTC-1,Layer5
TGAGCGGAAAGTGTTC-1,Layer5
TGAGCTTTAATGACGC-1,Layer1
TGAGGAGTGCCAGCTT-1,Layer6
TGAGGTGTGTGGCGGA-1,WM
TGAGGTTGATCCCAAG-1,Layer1
TGAGTAAATTAGCGTA-1,Layer5
TGAGTGCCTCTTAAAT-1,Layer5
TGAGTGGTCCGTGACG-1,Layer3
TGAGTGTAACAACGGG-1,Layer6
TGAGTTAAAGACATTC-1,Layer3
TGATACATTTAGCCGT-1,Layer6
TGATAGCGGGATTCTA-1,Layer5
TGATCACCACACTGAC-1,WM
TGATCAGGGAACTGCT-1,Layer5
TGATCCCAGCATTAGT-1,Layer1
TGATCGGTTTGACCCT-1,Layer3
TGATCTACGCTGATCT-1,Layer1
TGATCTATCACACTCT-1,Layer6
TGATCTCCGGCGCCAG-1,Layer3
TGATGCTCACGTAGTC-1,Layer3
TGATGGCTGTTTCTGA-1,Layer1
TGATGTCAATTAAGTG-1,Layer5
TGATTATGGCACGCAG-1,Layer1
TGATTCAGGTCCCGCG-1,Layer6
TGATTCCCGGTTACCT-1,WM
TGATTCGTCTATCACT-1,Layer3
TGATTCTGTCGCCGGT-1,Layer5
TGATTTATTAGCTGTG-1,Layer5
TGATTTCCTCCTGACG-1,Layer3
TGCAAACCCACATCAA-1,Layer1
TGCAAAGTTCGTCTGT-1,WM
TGCAACCCATCTGCGG-1,Layer5
TGCAACTACTGGTTGA-1,Layer6
TGCAAGAATGACGTAA-1,Layer3
TGCAATCTAACACGGT-1,Layer5
TGCAATTTGGGCACGG-1,Layer1
TGCACAGTGAAGTTAT-1,Layer1
TGCACGAGTCGGCAGC-1,Layer1
TGCACTATGTGAGTGC-1,Layer3
TGCAGAACTATATCGT-1,Layer5
TGCAGAGTACCGAGCA-1,Layer4
TGCAGATCGTCCTAGG-1,Layer5
TGCAGCTACGTACTTC-1,Layer6
TGCAGGATCGGCAAAG-1,Layer3
TGCAGTGAGGCTCGGG-1,Layer1
TGCAGTTTCCTCCCAT-1,Layer3
TGCATATGTCTGTCAC-1,Layer3
TGCATCTCCGGATCTT-1,Layer3
TGCATGGATCGGATCT-1,Layer2
TGCATGGCAGTCTTGC-1,Layer3
TGCATGTGACCCATAG-1,WM
TGCATGTGGTAATCTA-1,Layer3
TGCCAAAGTCAGACTT-1,Layer6
TGCCAATGGGTACTCT-1,Layer6
TGCCACACTAGAGGAA-1,Layer6
TGCCACCTGGCGAAAC-1,Layer2
TGCCAGTACGTGGAGA-1,Layer5
TGCCATGGCTTATAAG-1,Layer1
TGCCATTACTAAAGAA-1,Layer1
TGCCCGATAGTTAGAA-1,Layer6
TGCCCGTACCGTTAAA-1,Layer4
TGCCGAAAGCGTATTC-1,Layer1
TGCCGGATGTACGAGC-1,WM
TGCCGTGGATCGTCCT-1,Layer5
TGCCGTGGGACCCAAT-1,WM
TGCCTAATTGAAGATT-1,Layer4
TGCCTGACATCGGTCA-1,Layer3
TGCCTGATCAAACGAT-1,Layer2
TGCCTTGGCCAGGCAA-1,Layer4
TGCGAATATGGGATTT-1,Layer6
TGCGACACCCTAGTGC-1,Layer5
TGCGACGGCCGAACGT-1,WM
TGCGAGAATATTACCC-1,Layer6
TGCGAGATGGCGGCCA-1,Layer1
TGCGAGCCCTTCCGCG-1,Layer1
TGCGATGCTAATGGCT-1,Layer3
TGCGCAAAGCATTTGG-1,Layer3
TGCGCGATTAACGGAG-1,Layer3
TGCGGACTTGACTCCG-1,Layer6
TGCGGAGTAAAGGTGC-1,Layer3
TGCGGCATAGTTCAAC-1,Layer2
TGCGGGTATTGGGATC-1,Layer1
TGCGGTCTACGAGTAA-1,Layer2
TGCGGTGAAATTTCAT-1,Layer1
TGCGTAAGAACCTGAT-1,Layer5
TGCGTACGGCTAATTG-1,Layer5
TGCGTCATGACTGAGC-1,WM
TGCGTGATTGGGTGTC-1,Layer3
TGCGTTTGTTGACACT-1,Layer3
TGCTAAGTGTCTATTT-1,Layer4
TGCTATACAAACGGAC-1,Layer1
TGCTCACACAACAACC-1,Layer3
TGCTCCACAGTTCTTA-1,Layer3
TGCTCGGCGAAACCCA-1,Layer6
TGCTCGGTGGGTCACC-1,Layer6
TGCTCTTGAGAGTTTG-1,Layer6
TGCTGCGTCAGAGTTA-1,Layer2
TGCTGGTTGGACAATT-1,Layer3
TGCTGTTGAAGAACTC-1,Layer3
TGCTTAGAGAGAATGC-1,WM
TGCTTCCCAAGCAGTA-1,Layer6
TGCTTGAAACCATGCA-1,Layer3
TGGAAACGGAGTGAAC-1,Layer3
TGGAACCACTGACACA-1,Layer1
TGGAAGAAGGGAACGT-1,Layer5
TGGAAGACGAACACCA-1,Layer3
TGGAAGGATAAAGATG-1,Layer2
TGGAATATCCTTGACC-1,Layer1
TGGAATTAGACGCTTT-1,Layer4
TGGACACCGTTGCTTG-1,Layer3
TGGACCAATCTAAGAT-1,Layer5
TGGACCACGGCGTTGA-1,Layer3
TGGACGCAATCCAGCC-1,WM
TGGACGTAGGCGAATC-1,Layer3
TGGACTGTTCGCTCAA-1,Layer3
TGGAGCTAAAGTTCCC-1,Layer1
TGGAGGGAAACACCTC-1,Layer1
TGGAGTGATGCGATGA-1,Layer3
TGGATAGAGTAACAGA-1,Layer3
TGGCAAACTAAATTAC-1,Layer4
TGGCAACTCGCGCGCC-1,Layer1
TGGCAAGCACAAGTCG-1,WM
TGGCAATGGGACGGCG-1,Layer4
TGGCACGAGCTCGAGT-1,Layer1
TGGCAGATTACGATCA-1,Layer4
TGGCAGCAGTAATAGT-1,Layer4
TGGCCAAACTGAAGTA-1,Layer3
TGGCCAATTTGGTACT-1,WM
TGGCCGTATATTGACC-1,Layer3
TGGCGACTGCTCCAAA-1,Layer6
TGGCGATCAAGTTATG-1,Layer5
TGGCGGTGTGCGATTG-1,Layer2
TGGCTACACTCTACCT-1,Layer5
TGGCTATGTGACATAC-1,Layer5
TGGCTCTTGTCGCGTA-1,Layer6
TGGCTTGTACAAGCTT-1,Layer1
TGGCTTTGGGTAGACA-1,Layer3
TGGGAAATGCCTTTCC-1,Layer3
TGGGATGCACTCATTC-1,Layer1
TGGGCAATAGTTGGGT-1,Layer3
TGGGCACAAACAGAAC-1,Layer2
TGGGCACGTTCTATGG-1,Layer1
TGGGCAGGCCACCGCA-1,Layer3
TGGGCCACAAGAGCGC-1,Layer2
TGGGCCCATACTAATT-1,Layer3
TGGGCCTTGCCTGCAT-1,Layer3
TGGGCGATACAATAAG-1,WM
TGGGTAAGGTTCCCGC-1,Layer1
TGGGTGCACAAGCCAT-1,Layer6
TGGGTGGGATGTCATT-1,Layer1
TGGGTGTAATAGATTT-1,Layer6
TGGGTGTTAAGTAGAA-1,WM
TGGGTTCCCGGACGGA-1,Layer4
TGGTAAGCAGGATTGA-1,Layer6
TGGTAGAATATATGGG-1,Layer3
TGGTATCGCATCCCAA-1,Layer1
TGGTATCGGTCTGTAT-1,Layer1
TGGTCCCACGCTACGG-1,Layer5
TGGTCGTGCAAGGCAA-1,Layer6
TGGTCGTTTGATAGAT-1,Layer3
TGGTCTAGCTTACATG-1,Layer4
TGGTCTGTTGGGCGTA-1,Layer5
TGGTGATCGTATTTGT-1,Layer4
TGGTTAAGGGCGCTGG-1,Layer1
TGGTTATGCTTGCGGT-1,Layer5
TGGTTCAACGGGTAAT-1,Layer5
TGGTTCGTAGCAAAGG-1,Layer3
TGGTTGGAGGATCCTG-1,Layer1
TGGTTTAAACGTGGGT-1,Layer1
TGTAACTTGTCAACCT-1,Layer1
TGTAATGACCACAATA-1,Layer5
TGTAATGCCTTCGGAC-1,Layer2
TGTACCTACACGAGGG-1,Layer5
TGTACGAACAAATCCG-1,Layer4
TGTACGCTATCAGCTT-1,Layer1
TGTACTACTCTCACGG-1,Layer1
TGTACTGTGCCAAAGT-1,Layer1
TGTAGCCAATTCCGTT-1,Layer6
TGTAGCCATCCCATTC-1,Layer5
TGTAGGAGAAATTTCC-1,Layer3
TGTAGTGATCTATAAT-1,Layer4
TGTATAACAGATCCTG-1,Layer3
TGTATCAGACTGAAGC-1,Layer1
TGTATCCTTATTCCAT-1,Layer2
TGTATGGCGCAGACAG-1,Layer3
TGTATTTACCTAATGC-1,Layer1
TGTCATTTGTTGGGAA-1,Layer1
TGTCCACGGCTCAACT-1,Layer5
TGTCCCGACATAGCAC-1,Layer1
TGTCCGTGGCGCCTTT-1,Layer5
TGTCCTAAGTCACCGC-1,Layer4
TGTCGGCATGGTGGAA-1,Layer3
TGTCGTGGGTATAGGC-1,WM
TGTCTACAGTTTCTGT-1,Layer2
TGTGACTACGCCAGTC-1,Layer2
TGTGACTAGAGTTTGC-1,Layer5
TGTGAGACTAGCCCAA-1,Layer6
TGTGATTCCAGCGCTT-1,Layer2
TGTGCCGGTGCCGGAA-1,Layer4
TGTGCTTTACGTAAGA-1,Layer5
TGTGGAGGAAGCTTAA-1,Layer1
TGTGGCAAAGCGTATG-1,Layer3
TGTGGCGGGCTTCTGG-1,WM
TGTGGCTCCCACCAAC-1,Layer3
TGTGGTTGCTAAAGCT-1,WM
TGTGTAGTAGCACGTG-1,Layer4
TGTGTCGCGAGTTGCA-1,Layer3
TGTGTTCGTATCCAAG-1,Layer4
TGTTATTGTATGTGGC-1,Layer3
TGTTCATAAATGTGCT-1,Layer5
TGTTCCGCTTCCATGA-1,Layer4
TGTTCCGGCCTGAGCT-1,WM
TGTTCGTATTGCGGTG-1,Layer5
TGTTCTCTACTCCCTA-1,Layer1
TGTTCTTCCATTGACT-1,Layer4
TGTTGATCACTGTTTA-1,Layer3
TGTTGTCAAGAAGTCT-1,Layer2
TGTTTAATACTTCATC-1,Layer1
TGTTTCGGTACTTCTC-1,Layer3
TGTTTGAGATCGTCAG-1,Layer3
TTAAACAGAGTCCCGC-1,Layer3
TTAAACCGGTAGCGAC-1,Layer1
TTAAACCTGGTTCCTT-1,Layer4
TTAAACTCGAATTCAT-1,Layer3
TTAAAGTAAGTCGCCA-1,Layer6
TTAACACCTCGAACAT-1,Layer3
TTAACCAACCCTCCCT-1,Layer3
TTAACGAACAAGCAGT-1,Layer1
TTAACGTCGCAAGACC-1,Layer1
TTAACGTTAAAGCCTG-1,Layer5
TTAACTCACGCGTGGA-1,Layer4
TTAACTTCAGGTAGGA-1,Layer6
TTAAGACGAACGAACC-1,Layer1
TTAAGATAGGATTGAC-1,Layer3
TTAAGCCGACAACTTC-1,Layer1
TTAAGCGCCTGACCCA-1,Layer3
TTAAGGATACGGAGGT-1,Layer2
TTAAGGCCCGTACTTT-1,WM
TTAAGTATTGTTATCC-1,Layer5
TTAATCAGTACGTCAG-1,Layer1
TTAATGCGAGGTAACT-1,Layer1
TTAATGTAGACCAGGT-1,Layer3
TTAATGTGTTTGCAGG-1,Layer3
TTAATTGCTTTGGGTG-1,Layer6
TTAATTTCAGACGCGG-1,Layer2
TTACAACTACGCATCC-1,Layer3
TTACACGATCTGCGAC-1,Layer5
TTACAGACCTAAATGA-1,Layer1
TTACATCGTGGCCTGG-1,Layer3
TTACATGCCACAACTA-1,Layer3
TTACCATTGATTACCC-1,Layer4
TTACCCATTGCCGGGT-1,Layer1
TTACCCTAACAGTCCT-1,Layer3
TTACCCTAGGGATTGG-1,Layer6
TTACCGCCTTAGGGAA-1,Layer3
TTACGGATGGTTCGAG-1,Layer3
TTACGGTGTCACCGAG-1,Layer1
TTACGTAGCGCGTGCT-1,Layer2
TTACGTATCTATGACA-1,Layer5
TTACTAAAGGACTTTA-1,Layer4
TTACTATCGGCTTCTC-1,Layer5
TTACTCCGGCCGGGAA-1,Layer3
TTACTCTGGTACGTAC-1,Layer5
TTACTGGGATATTTCA-1,Layer5
TTACTGTCTAGAGCTC-1,Layer1
TTACTGTTTCTCTACG-1,Layer1
TTAGAAGAACATGACT-1,Layer5
TTAGAATAAGGGTCGG-1,WM
TTAGACACGATCGTTG-1,Layer1
TTAGACGAGTCACCTC-1,Layer4
TTAGAGTTTAGAAGGA-1,Layer3
TTAGATAGGTCGATAC-1,Layer3
TTAGCAACATGGATGT-1,Layer3
TTAGCTAATACGATCT-1,Layer1
TTAGCTCTGTAATCCG-1,Layer5
TTAGCTGATTTGCCGT-1,Layer3
TTAGGTCATAACCGAC-1,WM
TTAGTAAACCTGCTCT-1,Layer5
TTAGTAGGGCGGCGGG-1,Layer5
TTAGTTATTCGTGGCA-1,Layer3
TTAGTTCAAGTGTTCG-1,Layer1
TTATAGATGCACATTA-1,Layer1
TTATAGGTAATTGTCT-1,Layer6
TTATAGTCCAAGGTGC-1,Layer2
TTATATACGCTGTCAC-1,Layer3
TTATATTTGGCAATCC-1,Layer3
TTATCATACTCGCAAA-1,Layer1
TTATCCAATCGAACTC-1,Layer3
TTATCCGGGATCTATA-1,Layer4
TTATCCTCAAGGAATA-1,WM
TTATCGCCTGCGAAGC-1,Layer4
TTATCTGACATTAGGA-1,Layer6
TTATCTGTATCATAAC-1,Layer3
TTATGAATGAAAGGGA-1,Layer4
TTATGACAAACTGGAT-1,Layer3
TTATGATCTTAACGAA-1,Layer3
TTATGCGTCCCGGTCC-1,Layer1
TTATGTTTGCGATAGA-1,Layer4
TTATTAGAGCGTGTTC-1,Layer4
TTATTAGGGAAGCATC-1,Layer2
TTATTTCATCCCAAAC-1,Layer1
TTCAAAGTCTCTAGCC-1,Layer3
TTCAACGACCCGACCG-1,Layer3
TTCAAGCCGAGCTGAG-1,Layer1
TTCAATACTCTGAATC-1,Layer3
TTCAATTAGCCATAAT-1,Layer1
TTCACGAAAGGATCAC-1,Layer4
TTCACTCGAGCACCTA-1,Layer5
TTCACTTCCTAGAACG-1,WM
TTCAGAGTAACCTGAC-1,Layer3
TTCAGCCCTGGTCCAC-1,Layer4
TTCAGCTGGCGTGCCC-1,Layer4
TTCAGGCGTCAAAGCC-1,Layer5
TTCAGTTCAAGAGGAG-1,WM
TTCAGTTTGTGGCAGC-1,Layer5
TTCATAGCCTTGTAAC-1,Layer3
TTCATAGGGTGTCCAT-1,Layer3
TTCATGGCGCAACAGG-1,Layer2
TTCCAATCAGAGCTAG-1,Layer1
TTCCAATCTGGCTATC-1,Layer5
TTCCACACAGATTTGA-1,Layer5
TTCCACATTTCTCGTC-1,Layer1
TTCCAGACGAGATTTA-1,Layer3
TTCCATCATGCGGTGA-1,Layer1
TTCCATCGACAGCGTG-1,Layer5
TTCCCGACGCTTCACT-1,Layer1
TTCCCGGCGCCAATAG-1,Layer6
TTCCGCAGAGAAATAT-1,Layer1
TTCCGCGTGAGGCGAT-1,Layer4
TTCCGGCCTTGAGGCT-1,Layer6
TTCCGGCTCGACTTCT-1,Layer1
TTCCGGTATCTGTGTC-1,Layer3
TTCCGGTTACCCACTT-1,Layer3
TTCCTCGAGGGTGTCT-1,Layer3
TTCCTCGGACTAACCA-1,Layer4
TTCCTCTGCCCGAATA-1,Layer5
TTCCTTTCTGTGTTGC-1,Layer3
TTCGACAGAGCCCGTG-1,Layer5
TTCGACGGGAAGGGCG-1,Layer3
TTCGAGCCGGCGCTAC-1,Layer2
TTCGCACTCGCGTGCT-1,Layer3
TTCGCACTGTACGACA-1,Layer6
TTCGCATCCGGAAGCA-1,Layer3
TTCGCGCGCCATACGA-1,Layer6
TTCGCTAGGAAGTTGT-1,Layer3
TTCGCTATCTGACGTG-1,Layer1
TTCGGACTGATGCCTT-1,Layer1
TTCGGCAACCCGCTGA-1,Layer1
TTCGGCTAGAGATGGT-1,Layer3
TTCGGGACTAATCGCG-1,Layer3
TTCGGGCGCTAGTCTT-1,Layer6
TTCGGGTTGCCACGGG-1,Layer5
TTCGGTACTGTAGAGG-1,WM
TTCGTAATCCCAGCGG-1,Layer1
TTCGTACTCCAGAACG-1,Layer4
TTCGTGGGCTGGAAGC-1,Layer3
TTCGTTCAACGAAGTT-1,Layer1
TTCTAACCGAAGCTTA-1,Layer3
TTCTACCTTTATGTTG-1,Layer1
TTCTACTTGCGAGGGC-1,Layer3
TTCTAGAAAGTCTTAT-1,WM
TTCTAGGCCAATTGTG-1,Layer3
TTCTATTAAACGCAGC-1,WM
TTCTGACCGGGCTCAA-1,Layer4
TTCTGCCGCGCCTAGA-1,Layer5
TTCTGCGAGCGCCCTT-1,Layer5
TTCTGCGGGTTAGCGG-1,Layer3
TTCTGCTAGACTCCAA-1,Layer1
TTCTGTTTCCTGTCGC-1,Layer3
TTCTTAGTGAACGGTG-1,Layer3
TTCTTAGTGGCTCAGA-1,Layer2
TTCTTATCCGCTGGGT-1,Layer3
TTCTTCCCTTTGATAT-1,Layer1
TTCTTCGCAATAGAGC-1,Layer1
TTCTTGAGCCGCGCTA-1,Layer5
TTCTTGCTAGCATCTC-1,Layer3
TTCTTGGACGATCTGC-1,Layer6
TTCTTGGAGTAATGAG-1,Layer2
TTCTTGTAACCTAATG-1,Layer3
TTCTTGTGTCCATCAG-1,Layer5
TTCTTTGGTCGCGACG-1,Layer1
TTGAAAGGTGTAAAGG-1,Layer1
TTGAACGAATCCTTTG-1,Layer3
TTGAACGACGTGCTGA-1,Layer5
TTGAAGAATTCCCAGG-1,Layer3
TTGAATATGGACTTTC-1,Layer3
TTGAATCGTTGTATAA-1,Layer6
TTGAATTCACGTGAGG-1,Layer3
TTGACAGGAGCTCCCG-1,Layer3
TTGACATGAACGTGGA-1,Layer5
TTGACCAGGAACAACT-1,Layer6
TTGACCATGTTCTCCG-1,Layer3
TTGACCGTGTTAATGA-1,Layer6
TTGACGATTCAGCACG-1,Layer1
TTGACGCTCCATGAGC-1,Layer3
TTGACTACCATATGGT-1,Layer5
TTGACTATTGTCCGGC-1,Layer3
TTGAGAAGTTTAGCAT-1,Layer5
TTGAGAGTACTGCTAA-1,Layer5
TTGAGCAGCCCACGGT-1,Layer3
TTGAGCGCCACGTGAT-1,Layer2
TTGAGGCATTTAACTC-1,Layer1
TTGAGGGTCGAACGCG-1,Layer3
TTGAGTCCCGCTGCTG-1,Layer2
TTGATAGTCAATACAT-1,Layer1
TTGATCTAACTTTGTC-1,Layer3
TTGATGCCGCTCGTCG-1,WM
TTGATGTGTAGTCCCG-1,Layer2
TTGATTAGCTGTTTCT-1,Layer6
TTGATTATGCAGATGA-1,Layer3
TTGCAAGAAGACTCCT-1,WM
TTGCACAATTCAGAAA-1,Layer4
TTGCACGGAGCAGCAC-1,Layer3
TTGCAGGTCATGAAGT-1,Layer3
TTGCATGCTGATCACG-1,Layer5
TTGCCAAGCAGAACCC-1,Layer3
TTGCCATAGCCCGCTC-1,WM
TTGCCCTGATCACGGG-1,Layer4
TTGCCGCTTTCTAGTA-1,Layer6
TTGCCGGTGATCCCTC-1,Layer1
TTGCCTTCTCGCCGGG-1,Layer5
TTGCGCTCTCTCGCTT-1,Layer4
TTGCGCTTGATCAATA-1,Layer6
TTGCGGCATCAGAAAG-1,Layer6
TTGCGGCGACTCATGC-1,Layer1
TTGCGTAGTTTGAGGA-1,Layer4
TTGCGTCGGCCAACCG-1,Layer6
TTGCGTGAACGCTTAG-1,Layer1
TTGCGTGTGTAGGCAT-1,Layer6
TTGCTAGCTACCAATC-1,Layer1
TTGCTCATAGTACGTG-1,Layer5
TTGCTCCCATACCGGA-1,Layer3
TTGCTGAAGGAACCAC-1,Layer3
TTGCTGATCATGTTCG-1,Layer3
TTGCTGCACCTATCCA-1,Layer3
TTGCTGGCCGGGCTTC-1,Layer1
TTGGAAGAATACAGTC-1,Layer6
TTGGACATGTGGCTTA-1,Layer5
TTGGACCATCTGGCAA-1,Layer3
TTGGACCTATAACAGT-1,Layer5
TTGGAGTCTCCCTTCT-1,Layer2
TTGGATATCGTCTACG-1,Layer5
TTGGATCGACTTCTGG-1,Layer1
TTGGATTGGGTACCAC-1,Layer3
TTGGCCAAATTGTATC-1,Layer6
TTGGCCATCTTGCGCT-1,Layer3
TTGGCCTAGAATTTCG-1,Layer1
TTGGCGATCCGAATAT-1,Layer1
TTGGCTCAATATGTGT-1,Layer5
TTGGCTCGCATGAGAC-1,Layer3
TTGGGAAGACGAGCCG-1,WM
TTGGGACACTGCCCGC-1,Layer3
TTGGGACGTAAGAGTT-1,Layer3
TTGGGCGGCGGTTGCC-1,Layer3
TTGGGTTTATTCAGCG-1,Layer1
TTGGTATGGCTTGTGT-1,Layer1
TTGGTCACACTCGTAA-1,Layer5
TTGGTGCGGTGTTGAA-1,Layer3
TTGGTTCGCTCAAAGG-1,
TTGGTTGCGGTGCGCG-1,WM
TTGTAACTTCATAGCG-1,Layer3
TTGTAAGGACCTAAGT-1,Layer5
TTGTAAGGCCAGTTGG-1,Layer3
TTGTAATCCGTACTCG-1,Layer3
TTGTATCACACAGAAT-1,Layer1
TTGTCGTTCAGTTACC-1,Layer3
TTGTGAACCTAATCCG-1,Layer5
TTGTGAGGCATGACGC-1,Layer6
TTGTGATCTGTTCAGT-1,Layer5
TTGTGCAGCCACGTCA-1,Layer6
TTGTGGCCCTGACAGT-1,Layer3
TTGTGGTAGGAGGGAT-1,Layer6
TTGTGGTGGTACTAAG-1,Layer5
TTGTGTATGCCACCAA-1,Layer5
TTGTGTTTCCCGAAAG-1,Layer5
TTGTTAGCAAATTCGA-1,Layer3
TTGTTCAGTGTGCTAC-1,Layer3
TTGTTCTAGATACGCT-1,Layer4
TTGTTGTGTGTCAAGA-1,Layer3
TTGTTTCACATCCAGG-1,Layer6
TTGTTTCATTAGTCTA-1,WM
TTGTTTCCATACAACT-1,Layer6
TTGTTTGTGTAAATTC-1,Layer1
